<?xml version="1.0" encoding="UTF-8"?>
<!DOCTYPE article SYSTEM "JATS-archivearticle1.dtd">
<article xmlns:xlink="http://www.w3.org/1999/xlink" dtd-version="1.2d1">
  <front>
    <journal-meta>
      <journal-id journal-id-type="publisher">reviewcommons</journal-id>
      <journal-title-group>
        <journal-title>Review Commons</journal-title>
        <abbrev-journal-title abbrev-type="nlm-ta" />
      </journal-title-group>
      <issn pub-type="ppub">2575-1077</issn>
      <issn pub-type="epub">2575-1077</issn>
    </journal-meta>
    <article-meta>
      <article-id pub-id-type="doi">10.26508/rc.202101062</article-id>
      <article-id pub-id-type="manuscript">RC-2021-01062</article-id>
      <article-categories>
        <subj-group subj-group-type="Article Type">
          <subject>Research Article</subject>
        </subj-group>
      </article-categories>
      <title-group>
        <article-title>XAB2 Dynamics during DNA Damage-Dependent Transcription Inhibition</article-title>
      </title-group>
      <contrib-group>
        <contrib contrib-type="author" corresp="yes">
          <contrib-id contrib-id-type="orcid" specific-use="authenticated">https://orcid.org/0000-0002-2414-6034</contrib-id>
          <name>
            <surname>DONNIO</surname>
            <given-names>Lise-Marie</given-names>
            <prefix>Dr.</prefix>
          </name>
          <email>lise-marie.donnio@live.fr</email>
          <role content-type="1" />
          <xref ref-type="aff" rid="aff1" />
        </contrib>
        <contrib contrib-type="author">
          <contrib-id contrib-id-type="orcid" specific-use="authenticated">https://orcid.org/0000-0002-4644-4817</contrib-id>
          <name>
            <surname>Cerutti</surname>
            <given-names>Elena</given-names>
            <prefix>Dr.</prefix>
          </name>
          <email>elena.cerutti17@gmail.com</email>
          <role content-type="2" />
          <xref ref-type="aff" rid="aff2" />
        </contrib>
        <contrib contrib-type="author">
          <name>
            <surname>Magnani</surname>
            <given-names>Charlene</given-names>
          </name>
          <email>charlene.magnani@univ-lyon1.fr</email>
          <role content-type="3" />
          <xref ref-type="aff" rid="aff3" />
        </contrib>
        <contrib contrib-type="author">
          <name>
            <surname>Neuillet</surname>
            <given-names>Damien</given-names>
          </name>
          <email>damien.neuillet@univ-lyon1.fr</email>
          <role content-type="4" />
          <xref ref-type="aff" rid="aff4" />
        </contrib>
        <contrib contrib-type="author">
          <name>
            <surname>Mari</surname>
            <given-names>Pierre-Olivier</given-names>
            <prefix>Dr.</prefix>
          </name>
          <email>pierre-olivier.mari@univ-lyon1.fr</email>
          <role content-type="5" />
          <xref ref-type="aff" rid="aff5" />
        </contrib>
        <contrib contrib-type="author">
          <name>
            <surname>Giglia-Mari</surname>
            <given-names>Giuseppina</given-names>
            <prefix>Dr.</prefix>
          </name>
          <email>ambra.mari@univ-lyon1.fr</email>
          <role content-type="6" />
          <xref ref-type="aff" rid="aff6" />
        </contrib>
        <contrib contrib-type="suggested_reviewer">
          <name>
            <surname>Hanawalt</surname>
            <given-names>Philip</given-names>
          </name>
          <email>hanawalt@stanford.edu</email>
          <role>Suggested Reviewer</role>
          <xref ref-type="aff" rid="aff7" />
        </contrib>
        <contrib contrib-type="suggested_reviewer">
          <contrib-id contrib-id-type="orcid" specific-use="authenticated">https://orcid.org/0000-0002-5207-2861</contrib-id>
          <name>
            <surname>Iben</surname>
            <given-names>Sebastien</given-names>
          </name>
          <email>sebastian.iben@uni-ulm.de</email>
          <role>Suggested Reviewer</role>
          <xref ref-type="aff" rid="aff8" />
        </contrib>
        <contrib contrib-type="excluded_reviewer">
          <name>
            <surname>Fousteri</surname>
            <given-names>Maria</given-names>
          </name>
          <email>fousteri@fleming.gr</email>
          <role>Excluded Reviewer</role>
          <xref ref-type="aff" rid="aff9" />
        </contrib>
        <contrib contrib-type="excluded_reviewer">
          <contrib-id contrib-id-type="orcid" specific-use="authenticated">https://orcid.org/0000-0002-3200-5004</contrib-id>
          <name>
            <surname>GARINIS</surname>
            <given-names>George</given-names>
          </name>
          <email>garinis@imbb.forth.gr</email>
          <role>Excluded Reviewer</role>
          <xref ref-type="aff" rid="aff10" />
        </contrib>
        <contrib contrib-type="excluded_reviewer">
          <contrib-id contrib-id-type="orcid" specific-use="authenticated">https://orcid.org/0000-0001-9321-518X</contrib-id>
          <name>
            <surname>Marteijn</surname>
            <given-names>Jurgen</given-names>
          </name>
          <email>j.marteijn@erasmusmc.nl</email>
          <role>Excluded Reviewer</role>
          <xref ref-type="aff" rid="aff11" />
        </contrib>
        <aff id="aff1">
          <institution>Institut NeuroMyog&#x00E8;ne (INMG), CNRS UMR 5310, INSERM U1217, Universit&#x00E9; Claude Bernard Lyon 1</institution>
          <addr-line content-type="addrline1">8 avenue de Rockefeller</addr-line>
          <addr-line content-type="city">LYON</addr-line>
          <addr-line content-type="zipcode">69008</addr-line>
          <country>France [FR]</country>
        </aff>
        <aff id="aff2">
          <institution>University of Catania</institution>
          <addr-line content-type="addrline1">via S. Sofia 64</addr-line>
          <addr-line content-type="city">Catania</addr-line>
          <addr-line content-type="zipcode">95123</addr-line>
          <country>Italy [IT]</country>
        </aff>
        <aff id="aff3">
          <institution>Institut NeuroMyoGene</institution>
          <addr-line content-type="addrline1">Unknown</addr-line>
        </aff>
        <aff id="aff4">
          <institution>Institut NeuroMyoGene</institution>
          <addr-line content-type="addrline1">Unknown</addr-line>
        </aff>
        <aff id="aff5">
          <institution>Institut NeuroMyoGene UMR 5310/U1217/UCBL</institution>
          <addr-line content-type="addrline1">Unknown</addr-line>
          <country>France [FR]</country>
        </aff>
        <aff id="aff6">
          <institution>Institut NeuroMyoG&#x00E8;ne</institution>
          <addr-line content-type="addrline1">UMR 5310/U1217/UCBL</addr-line>
          <addr-line content-type="city">Lyon</addr-line>
          <country>France [FR]</country>
        </aff>
        <aff id="aff7">
          <institution>Stanford University</institution>
          <addr-line content-type="addrline1">Unknown</addr-line>
        </aff>
        <aff id="aff8">
          <institution>University of Ulm</institution>
          <addr-line content-type="addrline1">Unknown</addr-line>
        </aff>
        <aff id="aff9">
          <institution>Biomedical Sciences Research Center (BSRC) &quot;Alexander Fleming&quot;</institution>
          <addr-line content-type="addrline1">Unknown</addr-line>
        </aff>
        <aff id="aff10">
          <institution>Institute of Molecular Biology and Biotechnology-FORTH</institution>
          <addr-line content-type="addrline1">Unknown</addr-line>
        </aff>
        <aff id="aff11">
          <institution>Erasmus MC</institution>
          <addr-line content-type="addrline1">Unknown</addr-line>
        </aff>
      </contrib-group>
      <author-notes>
        <corresp id="cor1"><label>*</label> <bold>Corresponding Author:</bold> Lise-Marie DONNIO, Institut NeuroMyog&#x00E8;ne (INMG), CNRS UMR 5310, INSERM U1217, Universit&#x00E9; Claude Bernard Lyon 1, 8 avenue de Rockefeller, LYON, 69008, France. E-mail: <email>lise-marie.donnio@live.fr</email></corresp>
        <fn fn-type="con">
          <p>Author contributions:  L.D. and E.C. data curation;  L.D., E.C., and P.M. software;  L.D., E.C., and C.M. formal analysis;  L.D., E.C., C.M., and D.N. investigation;  L.D. and G.G. project administration;  L.D. and G.G. writing&amp;amp;#8212;review and editing; E.C. methodology;  E.C. and G.G. writing&amp;amp;#8212;original draft;  P.M. and G.G. conceptualization; P.M. supervision;  P.M. and G.G. validation; G.G. funding acquisition.</p>
        </fn>
      </author-notes>
      <pub-date pub-type="epub" />
      <pub-date pub-type="ppub" />
      <elocation-id>2575-1077.RC-2021-01062</elocation-id>
      <history>
        <date date-type="received">
          <day>15</day>
          <month>09</month>
          <year>2021</year>
        </date>
      </history>
      <permissions>
        <copyright-statement></copyright-statement>
        <copyright-year>2022</copyright-year>
      </permissions>
      <abstract abstract-type="primary">
        <p>Xeroderma Pigmentosum group A (XPA)-binding protein 2 (XAB2) is a multi-functional protein that plays a critical role in distinct cellular processes including transcription, splicing, DNA repair and mRNA export. In this study, we detailed XAB2 involvement during Nucleotide Excision Repair (NER), a repair pathway that guarantees genome integrity against UV light-induced DNA damage and that specifically removes transcription-blocking damage in a dedicated process known as Transcription-Coupled repair (TC-NER). Here, we demonstrated that XAB2 is involved specifically and exclusively in TC-NER reaction and solely for RNA Polymerase 2 transcribed genes. Surprisingly, contrary to all the other NER proteins studied so far, XAB2 does not accumulate on the local UV-C damage but on the contrary is remobilized after damage induction. This fast change in mobility is restored when DNA repair reactions are completed. By scrutinizing from which cellular complex/partner/structure XAB2 is released, we have identified that XAB2 is detached after DNA damage induction from the DNA:RNA hybrids, commonly known as R-loops, and the CSA and XPG protein and this release is thought to contribute to the DNA damage recognition step during TC-NER. Importantly, we have disclosed a role for XAB2 in retaining RNAP2 on its substrate.</p>
      </abstract>
      <kwd-group>
        <kwd>XAB2</kwd>
        <kwd>TC-NER</kwd>
        <kwd>CSA</kwd>
        <kwd>R-loops</kwd>
        <kwd>pre-mRNA splicing</kwd>
        <kwd>RNA polymerase 2</kwd>
      </kwd-group>
      <funding-group>
        <award-group>
          <funding-source>Agence Nationale de la Recherche (ANR) <named-content content-type="funder-id">http://dx.doi.org/10.13039/501100001665</named-content></funding-source>
          <award-id>ANR-14-CE10-0009</award-id>
          <principal-award-recipient>Giuseppina Giglia-Mari</principal-award-recipient>
        </award-group>
        <award-group>
          <funding-source>Institut National Du Cancer (INCa) <named-content content-type="funder-id">http://dx.doi.org/10.13039/501100006364</named-content></funding-source>
          <award-id>PLBIO17-043</award-id>
          <principal-award-recipient>Giuseppina Giglia-Mari</principal-award-recipient>
        </award-group>
        <award-group>
          <funding-source>Institut National Du Cancer (INCa) <named-content content-type="funder-id">http://dx.doi.org/10.13039/501100006364</named-content></funding-source>
          <award-id>PLBIO19-126</award-id>
          <principal-award-recipient>Giuseppina Giglia-Mari</principal-award-recipient>
        </award-group>
        <award-group>
          <funding-source>Ligue Contre le Cancer (French League Against Cancer) <named-content content-type="funder-id">http://dx.doi.org/10.13039/501100004099</named-content></funding-source>
          <award-id>218398</award-id>
          <principal-award-recipient>Giuseppina Giglia-Mari</principal-award-recipient>
        </award-group>
        <award-group>
          <funding-source>Electricit&#x00E9; de France (EDF) <named-content content-type="funder-id">http://dx.doi.org/10.13039/501100016036</named-content></funding-source>
          <award-id>218398</award-id>
          <principal-award-recipient>Giuseppina Giglia-Mari</principal-award-recipient>
        </award-group>
      </funding-group>
      <custom-meta-group>
        <custom-meta>
          <meta-name>conflict_ind</meta-name>
          <meta-value>1</meta-value>
        </custom-meta>
        <custom-meta>
          <meta-name>dual_publication</meta-name>
          <meta-value>0</meta-value>
        </custom-meta>
        <custom-meta>
          <meta-name>human_subjects</meta-name>
          <meta-value>0</meta-value>
        </custom-meta>
        <custom-meta>
          <meta-name>animal_subjects</meta-name>
          <meta-value>0</meta-value>
        </custom-meta>
        <custom-meta>
          <meta-name>Rebuttal Submitted to Hypothes.is</meta-name>
          <meta-value>No</meta-value>
        </custom-meta>
        <custom-meta>
          <meta-name>Pre-existing BioRxiv Preprint</meta-name>
          <meta-value>No</meta-value>
        </custom-meta>
        <custom-meta>
          <meta-name>BioRxiv Preprint Submitted on Author's Behalf</meta-name>
          <meta-value>Yes</meta-value>
        </custom-meta>
        <custom-meta>
          <meta-name>Acknowledgment of Policy on Original Data</meta-name>
          <meta-value>LMD
</meta-value>
        </custom-meta>
      </custom-meta-group>
    </article-meta>
  </front>
</article>
