<?xml version="1.0" encoding="UTF-8"?>
<!DOCTYPE review-group SYSTEM "reviews.dtd">
<review-group>
  <version revision="0">
    <review>
      <history>
        <date date-type="assigned">
          <day>21</day>
          <month>09</month>
          <year>2021</year>
        </date>
        <date date-type="due">
          <day>08</day>
          <month>10</month>
          <year>2021</year>
        </date>
        <date date-type="completed">
          <day>07</day>
          <month>11</month>
          <year>2021</year>
        </date>
      </history>
      <contrib-group>
        <contrib contrib-type="reviewer">
          <name>
            <surname>ASdlkjsdf</surname>
            <given-names>SDLKJlkdjf</given-names>
          </name>
          <email>asdlfkj.dfslkfjd@basdkfj.edu</email>
          <xref ref-type="aff" rid="aff1" />
        </contrib>
        <aff id="aff1">Institute of Cancer</aff>
      </contrib-group>
      <review-item-group>
        <review-item is-confidential="no" review-item-type="comments" sequence-number="5">
          <review-item-question>
            <title>&lt;b&gt;Evidence, reproducibility and clarity:&lt;/b&gt;</title>
            <alt-title>Evidence, reproducibility and clarity (Required)</alt-title>
            <text />
          </review-item-question>
          <review-item-response>
            <text>**Summary**

In this work, Donnio et al present evidence on how XAB2 is a factor involved in the repair of UV induced DNA damages and changes its mobility following UV damage, in a way opposed to what was expected. The data supporting the fact that XAB2 is a TC-NER factor involved in the repair of UV lesions AND the fact that XAB2 changes it mobility following UV damage and clear and convincing. The data supporting the authors' conclusions in this sense are strong, experiments are generally well executed, clearly described and statistically supported by repeats. It is also however a strong suspect that there could a pool of XAB2 that is a more transcription factor and is associated with other splicing factors that all behave in the same way in terms of altered mobility following UV damage, and perhaps a different pool that is linked to transcription-coupled NER. 

**Major comments**

Now, how the change of the mobility is in any way relevant to the TC-NER role of XAB2 or whether it is only a consequence of transcription inhibition is not clear, and this is important in understanding whether the two parts of the paper come in together or not.
The data provided support the fact that XAB2 is more mobile following UV damage and that correlates with a reduction of R-loops, that were identified as a substrate for XAB2, and other components of the spliceosome XAB2 belongs. However, this could be a consequence of the fact that there is less RNAPII on chromatin, the progression of RNAPII along genes is hampered by the presence of lesions, and/or the fact that XAB2 and associated factors could be among those transcription factors lost following UV damage like XRN2 was previously shown (Boeing et al., 2016). Equally, the changes in R-loops levels could be a direct consequence of the altered transcription dynamics, as less RNAPII reach the termination sites and transcription initiation is reduced following UV damage, and 5' and 3' ends of genes are endogenous sites where R-loops form normally in genes (see Proudfoot and Chedin works). In this contest it is not clear whether there is causation or correlation and how the mobility changes is involved in the repair role of XAB2, or whether these are two separate processes for the same protein. Therefore, some of the conclusions, like those relating to Figure 3 should be rediscussed, as in TC-NER defective cells transcription will not recover, hence the mobility will remain higher as a consequence of the fact that XAB2 will not be involved in transcription regulation.
Equally, what is the meaning of the altered mobility of RNAPII in the siXAB2 cells, as XAB2 deficient cells appear hyperactive in terms of transcription activity Fig S2B, and that was previously shown to lead to an accumulation of R-loops by the Petermann lab. Is the RNAPII progressing faster? Is transcription unstable and the RNAPII more prone to come off the chromatin? Is there any evidence of increased stalling of the RNAPII in siXAB2 cells? There is more and more evidence that spliceosome regulators are also in the true sense transcription elongation regulators important to support appropriate progression of the RNAPII, so again, is this linked to its specific role in DNA damage or is it just a phenotype due to XAB2 depletion? This will allow understanding better again how the data come together in the paper.

I feel that any additional experiment that could explain what is happening to transcription in XAB2 deficient cells and whether the changes in the mobility of XAB2 is required for its role at the repair sites is required to understand whether there is any link between the different parts of the paper or whether this is simply an indirect correlation. Perhaps, some experiments that are not only IF based could help, because even by laser damage, the same region will undergo two separate processes, displacing XAB2 from transcribing chromatin together with the other components of the AQR complex and recruiting XAB2 to transcribing chromatin, making the interpretation of the data difficult. 

**Minor comments**

The PLA data presentation is not the most straight forward, as PLA should generate single foci not pan nuclear stainings, and people generally present the results as foci count rather than signal intensity.

</text>
          </review-item-response>
        </review-item>
        <review-item is-confidential="no" review-item-type="comments" sequence-number="6">
          <review-item-question>
            <title>&lt;b&gt;Significance:&lt;/b&gt;</title>
            <alt-title>Significance (Required)</alt-title>
            <text />
          </review-item-question>
          <review-item-response>
            <text>**Significance**

In terms of significance this manuscript could help determining and understanding how and why this important factor is regulated following UV damage and how this contributes to its roles in response to DNA damage. It could also represent an archetype for other transcription factors. But it needs to be clearer how the different processes affecting XAB2 in DNA damage come together, and whether they do actually come together or is it just two (or more) pools of protein interacting with different factors and dealing with independent functions.</text>
          </review-item-response>
        </review-item>
        <review-item is-confidential="no" review-item-type="single-choice" sequence-number="2">
          <review-item-question>
            <title>&lt;b&gt;How much time do you estimate the authors will need to complete the suggested revisions:&lt;/b&gt;</title>
            <alt-title>Estimated time to Complete Revisions (Required)</alt-title>
            <text>(Decision Recommendation)</text>
          </review-item-question>
          <review-item-response>
            <text>Between 1 and 3 months</text>
          </review-item-response>
        </review-item>
      </review-item-group>
    </review>
    <review>
      <history>
        <date date-type="assigned">
          <day>21</day>
          <month>09</month>
          <year>2021</year>
        </date>
        <date date-type="due">
          <day>08</day>
          <month>10</month>
          <year>2021</year>
        </date>
        <date date-type="completed">
          <day>07</day>
          <month>11</month>
          <year>2021</year>
        </date>
      </history>
      <contrib-group>
        <contrib contrib-type="reviewer">
          <name>
            <surname>Alkjlsdkjf</surname>
            <given-names>Slkjsdklfj</given-names>
          </name>
          <email>sdlfksdf@flksjdf.edu</email>
          <xref ref-type="aff" rid="aff2" />
        </contrib>
        <aff id="aff2">University of X</aff>
      </contrib-group>
      <review-item-group>
        <review-item is-confidential="no" review-item-type="comments" sequence-number="5">
          <review-item-question>
            <title>&lt;b&gt;Evidence, reproducibility and clarity:&lt;/b&gt;</title>
            <alt-title>Evidence, reproducibility and clarity (Required)</alt-title>
            <text />
          </review-item-question>
          <review-item-response>
            <text>For IF data, authors include, in several figures, only the quantification. It would be beneficial to include a representative IF image as well.

1.	In the methods section, indicate which microscope and software was used for image acquisition.
2.	For UDS assay, indicate temperature of incubation with antibodies
3.	For statistical analysis, authors indicate using a student's t-test. However, data are presented with 3 or more groups, for which this test is not valid.
4.	Indicate which software was used for statistical analysis and graphing. 
5.	In supplementary figures, change figure captions from 'one image' to 'representative image.'
6.	In fig S4C, indicate, in the figure legend, what the positive signal represents.
7.	Fig 2: It would be beneficial to include images of baseline (0h) and 16 h timepoints, that were used to quantify fluorescence data.
8.	In fig S5, in the western blot for CCDC knockdown, the band in the siMock group is not clear and the blot is noisy. Include representative image with a distinctive band. 
9.	Fig S8: include scale bars
10.	Fig S9: Include IF representative images for IF
</text>
          </review-item-response>
        </review-item>
        <review-item is-confidential="no" review-item-type="comments" sequence-number="6">
          <review-item-question>
            <title>&lt;b&gt;Significance:&lt;/b&gt;</title>
            <alt-title>Significance (Required)</alt-title>
            <text />
          </review-item-question>
          <review-item-response>
            <text>XAB2 has been shown to be involved in several molecular processes including transcription, TC-NER and splicing. However, there are limited studies on understanding the dynamics of XAB2 and crosstalk between its diverse functions. This study investigated the mobility of XAB2 after UV damage and during TC-NER. Authors established that XAB2 is involved in TC-NER. The current study also revealed that XAB2 is rapidly mobilized after damage induction, without accumulating at the site of damage.  This change in mobility is restored after completion of DNA repair. The authors also showed that XAB2 is released from R-loops and not the splicing complex. XAB2 was also shown to be involved in anchoring RNAP2.</text>
          </review-item-response>
        </review-item>
        <review-item is-confidential="no" review-item-type="single-choice" sequence-number="2">
          <review-item-question>
            <title>&lt;b&gt;How much time do you estimate the authors will need to complete the suggested revisions:&lt;/b&gt;</title>
            <alt-title>Estimated time to Complete Revisions (Required)</alt-title>
            <text>(Decision Recommendation)</text>
          </review-item-question>
          <review-item-response>
            <text>Between 1 and 3 months</text>
          </review-item-response>
        </review-item>
      </review-item-group>
    </review>
    <review>
      <history>
        <date date-type="assigned">
          <day>24</day>
          <month>09</month>
          <year>2021</year>
        </date>
        <date date-type="due">
          <day>11</day>
          <month>10</month>
          <year>2021</year>
        </date>
        <date date-type="completed">
          <day>07</day>
          <month>11</month>
          <year>2021</year>
        </date>
      </history>
      <contrib-group>
        <contrib contrib-type="reviewer">
          <name>
            <surname>Slkskdjsflksjdf</surname>
            <given-names>Dlksdflksjdf</given-names>
            <prefix>Dr.</prefix>
          </name>
          <email>sdlfkjsf.fdsldkfj@sdflskfds.com</email>
          <xref ref-type="aff" rid="aff3" />
        </contrib>
        <aff id="aff3">University of Y</aff>
      </contrib-group>
      <review-item-group>
        <review-item is-confidential="no" review-item-type="comments" sequence-number="5">
          <review-item-question>
            <title>&lt;b&gt;Evidence, reproducibility and clarity:&lt;/b&gt;</title>
            <alt-title>Evidence, reproducibility and clarity (Required)</alt-title>
            <text />
          </review-item-question>
          <review-item-response>
            <text>Review of the manuscript by Donnio et al, titled: &quot;XAB2 Dynamics during DNA Damage-Dependent Transcription Inhibition&quot;

Transcription-coupled repair (TCR) is devoted to the repair of helix-distorting lesions in transcriptionally active genes. In this study, using immortalized fibroblasts with defined mutations or siRNA mediated knockdown and imaging techniques, XAB2 was identified to exclusively participate in the transcription coupled repair of RNA polymerase II genes. Although absolutely required for TCR, it does not accumulate at sites of local DNA damage but, as shown by proximity ligation assay, is released from these structures specifically at R-loops, where XAB2 re-associates after repair. The assembly of XAB2 with splicing proteins is retained during repair and the re-association with the DNA is dependent on ongoing, or on resumption of transcription. Frap-analysis demonstrate that the mobility of RNA polymerase II increases in the absence of XAB2 and is further enhanced by UV irradiation. Taken together, the study describes an unexpected feature of XAB2- although it is absolutely required for TCR, it&amp;#x00B4;s not present at TCR sites and influences DNA-damage dependent stalling of RNA polymerase II.  The manuscript describes a highly interesting and fascinating study and is of high relevance for the field, but it requires some additional work.

**Major comments:**

The authors are very cautious in phrasing the manuscript, however it could gain from more speculations in the discussion. The manuscript in it&amp;#x00B4;s current version is hard to understand as there is a lack of a functional hypothesis for XAB2 action in TCR, that could have been experimentally proven. The manuscript appears as a bundle of observations and not of as a conclusive study. The reviewer thinks that the different mobility of RNA polymerase II and the enhanced mobility after UV due to the absence of XAB2 might be a central observation that should be further explored e,g, by PLA with Pol II and CPD or 6-4PP antibodies to show that stalling of Pol II might be affected.  PLA should also be used to show that a prerequisite for Pol II stalling and repair is the XAB2-mediated dissociation of the splicing complex from the damaged template, a kind of de-repression of Pol II stalling/DNA repair by XAB2 release. 

**Minor comments:**

Line 13, hard to understand, please induce....as R-loops, and FROM the CSA and XPG.....

Line 14 , we have disclosed a role of....  This sentence is hardly justified by the one experiment shown, should be strengthen by more experiments- see above-

Line 113 siXFP instead of siXPF

Line 205 &quot;normal&quot; mobility, please use &quot;control&quot; instead
Figure 3 please comment on the non-linear XAB2 mobility after UV-C treatment in part A

Figure 3B/C  the mutation of CSA and CSB seem to inhibit the mobility of XAB2 in the absence of DNA damage, might this be due to different Pol II elongation dynamics? 

Figure 3C should be coloured different, the ATRi and UV is not visible for the reviewer, take green instead. And please add additional explanations to the result part, otherwise you don&amp;#x00B4;t understand this part. 

Line 287 the figure caption lacks an &quot;are&quot;

Line 312 The Figure caption describes .... &quot;but not CSB,&quot; ...... this data is not shown

426 the hypothesis phrased does not fit to the data as XAB2 does not localize to damage..., rather you need the release of the XAB2 splicing complex for &quot;normal&quot; Pol II dynamics.  
</text>
          </review-item-response>
        </review-item>
        <review-item is-confidential="no" review-item-type="comments" sequence-number="6">
          <review-item-question>
            <title>&lt;b&gt;Significance:&lt;/b&gt;</title>
            <alt-title>Significance (Required)</alt-title>
            <text />
          </review-item-question>
          <review-item-response>
            <text>Significance: the findings are highly significant for our understanding of the structural and functional coupling of different processes like transcription/splicing/DNA repair. Whereas transcriptional, splicing and DNA repair processes are relative well described, their interconnectivity is less well defined and this report helps us to decipher the intricate network of these interdependent mechanisms. 

This study is for an audience interested in transcriptional/splicing and especially for DNA repair mechanisms under respect of diseases associated with NER deficiencies. 

The reviewer field of expertise is RNA polymerase I, TCR defective syndromes, ribosomal biogenesis and performance
</text>
          </review-item-response>
        </review-item>
        <review-item is-confidential="no" review-item-type="single-choice" sequence-number="2">
          <review-item-question>
            <title>&lt;b&gt;How much time do you estimate the authors will need to complete the suggested revisions:&lt;/b&gt;</title>
            <alt-title>Estimated time to Complete Revisions (Required)</alt-title>
            <text>(Decision Recommendation)</text>
          </review-item-question>
          <review-item-response>
            <text>Between 1 and 3 months</text>
          </review-item-response>
        </review-item>
      </review-item-group>
    </review>
    <review>
      <history>
        <date date-type="assigned">
          <day>27</day>
          <month>09</month>
          <year>2021</year>
        </date>
        <date date-type="due">
          <day>14</day>
          <month>10</month>
          <year>2021</year>
        </date>
        <date date-type="completed">
          <day>07</day>
          <month>11</month>
          <year>2021</year>
        </date>
      </history>
      <contrib-group>
        <contrib contrib-type="reviewer">
          <name>
            <surname>ASdlksdflksjf</surname>
            <given-names>Sfldsakjfasf</given-names>
            <prefix>Dr.</prefix>
          </name>
          <email>asdfskdf@sdlkfjs.edu</email>
          <xref ref-type="aff" rid="aff4" />
        </contrib>
        <aff id="aff4">MXBSDGD</aff>
      </contrib-group>
      <review-item-group>
        <review-item is-confidential="no" review-item-type="comments" sequence-number="5">
          <review-item-question>
            <title>&lt;b&gt;Evidence, reproducibility and clarity:&lt;/b&gt;</title>
            <alt-title>Evidence, reproducibility and clarity (Required)</alt-title>
            <text />
          </review-item-question>
          <review-item-response>
            <text>**SUMMARY:** 

The manuscript reports results of cellular studies designed to better understand the basis for the multiple reported functions of the essential XAB2 protein and the nature and extent of their overlap. These XAB2 functions have included transcription, pre-mRNA splicing, Transcription-Coupled Repair (TCR), ATR activation, and homologous recombination (HR) - some of these as part of a large multiprotein complex. To further investigate XAB2 functions and to characterize its dynamics after DNA damage, the authors use siRNA-mediated knockdown, UDS, RRS, IF, RNA FISH, protein mobility in live cells as measured by FRAP, and IP, westerns, and PLA in their analysis. These assays are all part of the demonstrated expertise of this group. The most striking and important novel findings include: (1) XAB2 has increased mobility after damage as shown by FRAP, unlike most repair proteins, and this increased mobility does not depend on damage but rather appears to be a response to transcription inhibition, and (2) XAB2 affects the mobility of RNAP2, with its loss causing increased mobility of the polymerase in both undamaged and damaged cells.

**MAJOR COMMENTS:**

1.  An INCREASE in transcription was observed by fluorescence measurement of EU incorporation in undamaged cells treated with siXAB2, as compared to siMock treatment (Fig. S2).  This is in direct contrast to published findings (Nakatsu et al, 2000; Kuraoka et al 2008) and to the general conclusion that XAB2 has a role in transcription per se in addition to its TCR role.  However, it is presented with NO analysis or discussion of the possible reasons for the difference, even though it is clearly important.  Furthermore, in the same experiment, KD of XPF was shown to decrease basal transcription - certainly an unexpected (and inexplicable) result. These observations need to be verified and MUST be discussed.  It is perplexing that in the final sentence of the Discussion, the authors seem to contradict their own conclusion: &quot;The absence of XAB2 might hinder the overall transcription activity ...&quot;
2. The problem with the aforementioned experiment and conclusion would seem to be compounded by the authors' clear (and very interesting) demonstration by FRAP that the mobility of RNAP2 is increased by loss of XAB2 even in the absence of damage (Fig. 6).  The most straight-forward interpretation is that either RNAP2 processivity or its engagement in transcription initiation is reduced without XAB2 - which is directly contradictory to the conclusion that transcription is increased (Fig. S2).  This conundrum is not addressed in the manuscript, but it must be.
3. The Giglia-Mari group has previously used fluorescence measurement of EdU incorporation (typically employed as the current version of a UDS assay in WT cells to measure GG-NER activity) to follow TC-NER repair events by using XP-C cells, which are unable to perform GG-NER. In that case, the damage-dependent EdU incorporation is presumed to reflect repair synthesis during TC-NER. By this assay, the authors show that XAB2 loss confers a defect in TC-NER repair synthesis. They correctly draw the distinction that defective RRS could reflect either a defect in the TC-NER mechanism per se, or in the ability to resume RNA synthesis after the block to transcription by stalled RNAP has been resolved.  From the data of Fig. 1C, they conclude that &quot;the role of XAB2 (is) in the repair reaction itself&quot;.  However, a lack of TCR-UDS could reflect EITHER a deficit in recognizing and removing (by whatever means - backtracking, release, or degradation) the stalled RNAP2 or in the repair synthesis event per se, and the assay does not discriminate between a role in either or both of those steps.  It is useful to bear this distinction in mind, since (most of) the proteins involved are presumably different.  Especially given the observed effect of XAB2 loss on RNAP mobility with or without damage (Fig. 6), it is somewhat misleading to conclude that XAB2 is involved in the &quot;repair reaction&quot; itself, which most readers are likely to interpret as being damage removal and resynthesis. Instead, the effect on RNAP2 mobility might be more easily related to the necessary removal of stalled RNAP2 to allow repair to proceed.  The authors skirt around this issue in their conclusion to the discussion section.
4. The conclusion that XAB2 is not involved in TCR of RNAP1-transcribed genes is perhaps too strongly stated. The RNA-FISH data for the 47S pre-mRNA show a major loss of this mRNA at 3 hr after UV in siXAB2 cells, but considerable recovery by 42 hr (Fig. 1D).  While it does return to pre-damage levels in WT cells, it still is considerably below the recovery seen in WT cells, which includes a &quot;bounce back&quot; level higher than the starting value. Thus, it cannot be ruled out from this data that XAB2 may also have some role in TCR of RNAP1-transcribed genes.  Performing the same experiment with an RNAP2-transcribed gene would be extremely useful as a comparison.
5. The authors' interpretation of the time-course difference in ability to IP XAB2 from nuclear extracts after damage (p. 14, lines 256-258; Figs. 4A and S7A) suggests that IPs were performed without prior digestion with benzonase to remove nucleic acids.  The interpretation of the data critically depends on this point, which is not mentioned in the M&amp;M.  This needs clarification.  Furthermore, if digestion was NOT performed, then the experiment should be repeated WITH digestion, since if the observed apparent increase in IP'd XAB2 amount after UV is in fact related to its sequestration on R-loops in undamaged cells and release after UV, then benzonase digestion prior to IP should largely remove the observed difference.
6. The finding that XAB2 and and its partner AQR bind to R-loops and are released upon damage (Fig. 4; Fig. S8) is critical to the authors' conclusions, and the use of RNaseH to degrade R-loops prior to PLA assays for the interaction is a very important control (Fig. S9).  However, neither the reduction in R-loop IF nor the PLA for either protein with R-loops by RNaseH seems as impressive as it should be (Fig. S9B,C), although the trend is as expected.  Some discussion of this point is merited.
7. Aside from differences in binding to R-loops, the increase in XAB2 mobility after damage could be due to release from a complex.  Accordingly, the PLA data of Fig. 5 show a rather transient decrease in interaction between XAB2, CSA, and XPG after UV.  However, neither the timing, magnitude, nor duration of this change seem sufficient to support some of the possible interpretations in the discussion, in particular releasing CSA and XPG to participate in initiation of repair.
8. The single most striking result reported here is the rather dramatic effect of XAB2 depletion on the mobility of RNA Pol II, without or with damage.  It is of sufficient potential importance that it deserves being incorporated into the title!
9. The observation that mobility of XAB2 is significantly increased either by UV damage OR by inhibition of transcription is also striking and very important, as is the fact that its return to normal, reduced mobility after damage is dependent on TCR (i.e., on CSA and CSB). However, the discussion is rather unsatisfying with respect to potential models, with no clear ideas presented about the relationship between the proposed release from R-loops and the implied effects on TCR initiation. While the current data do not allow definitive conclusions, informed discussion of possible models, however speculative, would be welcome.

**MINOR COMMENTS:**

1. There are numerous typographical, grammatical, and language errors throughout the manuscript.  It requires careful editing. Only a few of the most glaring problems of this sort are noted below.
2. Based on lack of effect of XAB2 KD on UDS following UV irradiation but a significant effect on RRS, the authors conclude that XAB2 is involved in TC-NER but not GG-NER.  Although presented as if it were a new conclusion, however, the same finding was documented (by different assays) even in Tanaka's original description of XAB2 (Nakatsu et al, 2000) and several times since then.
3. Given that the recent paper by Goulielmaki et al and Garinis shows that transcription-blocking damage triggers the release of XAB2 from all RNA targets tested, their work MUST BE referred to and discussed in the context of the demonstration here that XAB2 mobility is increased upon DNA damage or transcription inhibition. Furthermore, the Goulielmaki et al findings likely affect the possible models based on the present results.
4. The increased mobility of XAB2 after damage, and its return to the resting state of less mobility, is described very confusingly in multiple different places in the manuscript.  For example, even in the Introduction, the penultimate sentence says, &quot;faster dynamic is not restored until DNA repair is completed&quot;, when what they mean to say is that the mobility is reduced once repair is complete.  Even the Abstract has a similar confusion: &quot;This fast change in mobility is restored when DNA repair reactions are completed&quot;.  Similar mis-phrasings of the concept occur in many other places.
5. Legend for Fig. S6D is garbled: &quot;... treated or not with 10 J/m2 of UV-C for 3 hr !
6. Misstatement: p.13, line 247, re PLA results for XAB2 and AQR: Stronger interaction after UV seen at 2 hrs post-damage, not 4 hr.
7. Some of the figures showing western data require improvement.  Some bands appear to be cut and pasted, rather than showing a cross-section of a gel.

</text>
          </review-item-response>
        </review-item>
        <review-item is-confidential="no" review-item-type="comments" sequence-number="6">
          <review-item-question>
            <title>&lt;b&gt;Significance:&lt;/b&gt;</title>
            <alt-title>Significance (Required)</alt-title>
            <text />
          </review-item-question>
          <review-item-response>
            <text>The most striking and important novel findings include: (1) XAB2 has increased mobility after damage as shown by FRAP, unlike most repair proteins, and this increased mobility does not depend on damage but rather appears to be a response to transcription inhibition, and (2) XAB2 affects the mobility of RNAP2, with its loss causing increased mobility of the polymerase in both undamaged and damaged cells.</text>
          </review-item-response>
        </review-item>
        <review-item is-confidential="no" review-item-type="single-choice" sequence-number="2">
          <review-item-question>
            <title>&lt;b&gt;How much time do you estimate the authors will need to complete the suggested revisions:&lt;/b&gt;</title>
            <alt-title>Estimated time to Complete Revisions (Required)</alt-title>
            <text>(Decision Recommendation)</text>
          </review-item-question>
          <review-item-response>
            <text>Between 3 and 6 months</text>
          </review-item-response>
        </review-item>
      </review-item-group>
    </review>
  </version>
</review-group>
