<?xml version="1.0" encoding="UTF-8"?>
<!DOCTYPE article SYSTEM "JATS-archivearticle1.dtd">
<article xmlns:xlink="http://www.w3.org/1999/xlink" dtd-version="1.2d1">
  <front>
    <journal-meta>
      <journal-id journal-id-type="publisher">reviewcommons</journal-id>
      <journal-title-group>
        <journal-title>Review Commons</journal-title>
        <abbrev-journal-title abbrev-type="nlm-ta" />
      </journal-title-group>
      <issn pub-type="ppub">2575-1077</issn>
      <issn pub-type="epub">2575-1077</issn>
    </journal-meta>
    <article-meta>
      <article-id pub-id-type="doi">10.26508/rc.202100994</article-id>
      <article-id pub-id-type="manuscript">RC-2021-00994</article-id>
      <article-categories>
        <subj-group subj-group-type="Article Type">
          <subject>Research Article</subject>
        </subj-group>
      </article-categories>
      <title-group>
        <article-title>Coagulation factors directly cleave SARS-CoV-2 spike and enhance viral entry</article-title>
      </title-group>
      <contrib-group>
        <contrib contrib-type="author">
          <contrib-id contrib-id-type="orcid" specific-use="authenticated">https://orcid.org/0000-0002-1872-212X</contrib-id>
          <name>
            <surname>Kastenhuber</surname>
            <given-names>Edward R</given-names>
            <prefix>Dr.</prefix>
          </name>
          <email>erk4002@med.cornell.edu</email>
          <role content-type="1" />
          <xref ref-type="aff" rid="aff1" />
        </contrib>
        <contrib contrib-type="author">
          <contrib-id contrib-id-type="orcid" specific-use="authenticated">https://orcid.org/0000-0001-6706-092X</contrib-id>
          <name>
            <surname>Jaimes</surname>
            <given-names>Javier A.</given-names>
          </name>
          <email>jaj246@cornell.edu</email>
          <role content-type="2" />
          <xref ref-type="aff" rid="aff2" />
        </contrib>
        <contrib contrib-type="author">
          <name>
            <surname>Johnson</surname>
            <given-names>Jared L.</given-names>
          </name>
          <email>jaj2017@med.cornell.edu</email>
          <role content-type="3" />
          <xref ref-type="aff" rid="aff3" />
        </contrib>
        <contrib contrib-type="author">
          <name>
            <surname>Mercadante</surname>
            <given-names>Marisa</given-names>
          </name>
          <email>mam4034@med.cornell.edu</email>
          <role content-type="4" />
          <xref ref-type="aff" rid="aff4" />
        </contrib>
        <contrib contrib-type="author">
          <name>
            <surname>Muecksch</surname>
            <given-names>Frauke</given-names>
          </name>
          <email>fmuecksch@rockefeller.edu</email>
          <role content-type="5" />
          <xref ref-type="aff" rid="aff5" />
        </contrib>
        <contrib contrib-type="author">
          <name>
            <surname>Weisblum</surname>
            <given-names>Yiska</given-names>
          </name>
          <email>yweisblum@rockefeller.edu</email>
          <role content-type="6" />
          <xref ref-type="aff" rid="aff6" />
        </contrib>
        <contrib contrib-type="author">
          <name>
            <surname>Bram</surname>
            <given-names>Yaron</given-names>
          </name>
          <email>yab2006@med.cornell.edu</email>
          <role content-type="7" />
          <xref ref-type="aff" rid="aff7" />
        </contrib>
        <contrib contrib-type="author">
          <name>
            <surname>Schwartz</surname>
            <given-names>Robert E</given-names>
            <prefix>Dr.</prefix>
          </name>
          <email>res2025@med.cornell.edu</email>
          <role content-type="8" />
          <xref ref-type="aff" rid="aff8" />
        </contrib>
        <contrib contrib-type="author">
          <name>
            <surname>Whittaker</surname>
            <given-names>Gary R.</given-names>
          </name>
          <email>gary.whittaker@cornell.edu</email>
          <role content-type="9" />
          <xref ref-type="aff" rid="aff9" />
        </contrib>
        <contrib contrib-type="author" corresp="yes">
          <contrib-id contrib-id-type="orcid" specific-use="authenticated">https://orcid.org/0000-0002-1298-7653</contrib-id>
          <name>
            <surname>Cantley</surname>
            <given-names>Lewis</given-names>
          </name>
          <email>LCantley@med.cornell.edu</email>
          <role content-type="10" />
          <xref ref-type="aff" rid="aff10" />
        </contrib>
        <contrib contrib-type="suggested_reviewer">
          <name>
            <surname>Menachery</surname>
            <given-names>Vineet</given-names>
          </name>
          <email>vimenach@utmb.edu</email>
          <role>Suggested Reviewer</role>
          <xref ref-type="aff" rid="aff11" />
        </contrib>
        <contrib contrib-type="suggested_reviewer">
          <name>
            <surname>Frieman</surname>
            <given-names>Matthew</given-names>
          </name>
          <email>mfrieman@som.umaryland.edu</email>
          <role>Suggested Reviewer</role>
          <xref ref-type="aff" rid="aff12" />
        </contrib>
        <contrib contrib-type="suggested_reviewer">
          <name>
            <surname>Turk</surname>
            <given-names>Benjamin</given-names>
          </name>
          <email>ben.turk@yale.edu</email>
          <role>Suggested Reviewer</role>
          <xref ref-type="aff" rid="aff13" />
        </contrib>
        <contrib contrib-type="suggested_reviewer">
          <name>
            <surname>Weiss</surname>
            <given-names>Susan</given-names>
          </name>
          <email>weisssr@pennmedicine.upenn.edu</email>
          <role>Suggested Reviewer</role>
          <xref ref-type="aff" rid="aff14" />
        </contrib>
        <aff id="aff1">
          <institution>Weill Cornell Medicine</institution>
          <addr-line content-type="addrline1">413 E 69th St</addr-line>
          <addr-line content-type="city">New York</addr-line>
          <addr-line content-type="state">NY</addr-line>
          <addr-line content-type="zipcode">10021</addr-line>
          <country>United States [US]</country>
        </aff>
        <aff id="aff2">
          <institution>Cornell University</institution>
          <institution content-type="dept">Department of Microbiology and Immunology</institution>
          <addr-line content-type="addrline1">930 Campus Rd</addr-line>
          <addr-line content-type="addrline2">VMC C4-133</addr-line>
          <addr-line content-type="city">Ithaca</addr-line>
          <addr-line content-type="state">NY</addr-line>
          <addr-line content-type="zipcode">14853</addr-line>
          <country>United States [US]</country>
          <phone content-type="primary">6072534065</phone>
        </aff>
        <aff id="aff3">
          <institution>Weill Cornell Medical College</institution>
          <addr-line content-type="addrline1">Unknown</addr-line>
        </aff>
        <aff id="aff4">
          <institution>Weill Cornell Medical College</institution>
          <addr-line content-type="addrline1">Unknown</addr-line>
        </aff>
        <aff id="aff5">
          <institution>The Rockefeller University</institution>
          <addr-line content-type="addrline1">Unknown</addr-line>
        </aff>
        <aff id="aff6">
          <institution>The Rockefeller University</institution>
          <addr-line content-type="addrline1">Unknown</addr-line>
        </aff>
        <aff id="aff7">
          <institution>Weill Cornell Medical College</institution>
          <addr-line content-type="addrline1">Unknown</addr-line>
        </aff>
        <aff id="aff8">
          <institution>Weill Cornell Medical College</institution>
          <addr-line content-type="addrline1">Belfer Research Building</addr-line>
          <addr-line content-type="city">New York</addr-line>
          <addr-line content-type="state">NY</addr-line>
          <addr-line content-type="zipcode">10021</addr-line>
          <country>United States [US]</country>
        </aff>
        <aff id="aff9">
          <institution>Cornell University</institution>
          <addr-line content-type="addrline1">Unknown</addr-line>
        </aff>
        <aff id="aff10">
          <institution>Weill Cornell Medical College, Lewis Cantley Laboratory</institution>
          <institution content-type="dept">Medicine</institution>
          <addr-line content-type="addrline1">Belfer / Rm BB1362 / Fl 13</addr-line>
          <addr-line content-type="addrline2">413 E 69th St</addr-line>
          <addr-line content-type="city">New York</addr-line>
          <addr-line content-type="state">NY</addr-line>
          <addr-line content-type="zipcode">10065</addr-line>
          <country>United States [US]</country>
        </aff>
        <aff id="aff11">
          <institution>The University of Texas Medical Branch</institution>
          <addr-line content-type="addrline1">Unknown</addr-line>
          <country>United States [US]</country>
        </aff>
        <aff id="aff12">
          <institution>https://www.medschool.umaryland.edu/profiles/Frieman-Matthew/</institution>
          <addr-line content-type="addrline1">Unknown</addr-line>
        </aff>
        <aff id="aff13">
          <institution>Yale University School of Medicine</institution>
          <addr-line content-type="addrline1">Unknown</addr-line>
          <addr-line content-type="state">CT</addr-line>
          <country>United States [US]</country>
        </aff>
        <aff id="aff14">
          <institution>Department of Microbiology, Perelman School of Medicine, University of Pennsylvania</institution>
          <addr-line content-type="addrline1">Unknown</addr-line>
          <country>United States [US]</country>
        </aff>
      </contrib-group>
      <author-notes>
        <corresp id="cor1"><label>*</label> <bold>Corresponding Author:</bold> Lewis Cantley, Medicine, Weill Cornell Medical College, Lewis Cantley Laboratory, Belfer / Rm BB1362 / Fl 13, 413 E 69th St, New York, NY, 10065, United States. E-mail: <email>LCantley@med.cornell.edu</email></corresp>
        <fn fn-type="con">
          <p>Author contributions:  E.K. and L.C. conceptualization;  E.K., J.J., M.M., and Y.B. investigation;  E.K., J.J., J.J., F.M., and Y.W. methodology;  E.K. and L.C. writing&amp;amp;#8212;original draft;  E.K., J.J., Y.B., R.S., G.W., and L.C. writing&amp;amp;#8212;review and editing;  F.M. and Y.W. resources;  R.S., G.W., and L.C. supervision;  R.S., G.W., and L.C. funding acquisition.</p>
        </fn>
      </author-notes>
      <pub-date pub-type="epub" />
      <pub-date pub-type="ppub" />
      <elocation-id>2575-1077.RC-2021-00994</elocation-id>
      <history>
        <date date-type="received">
          <day>05</day>
          <month>08</month>
          <year>2021</year>
        </date>
      </history>
      <permissions>
        <copyright-statement></copyright-statement>
        <copyright-year>2022</copyright-year>
      </permissions>
      <abstract abstract-type="primary">
        <p>Coagulopathy is a significant aspect of morbidity in COVID-19 patients. The clotting cascade is propagated by a series of proteases, including factor Xa and thrombin. While certain host proteases, including TMPRSS2 and furin, are known to be important for cleavage activation of SARS-CoV-2 spike to promote viral entry in the respiratory tract, other proteases may also contribute. Using biochemical and cell-based assays, we demonstrate that factor Xa and thrombin can also directly cleave SARS-CoV-2 spike, enhancing viral entry. A drugrepurposing screen identified a subset of protease inhibitors that promiscuously inhibited spike cleavage by both transmembrane serine proteases as well as coagulation factors. The mechanism of the protease inhibitors nafamostat and camostat may extend beyond inhibition of TMPRSS2 to coagulation-induced spike cleavage. Anticoagulation is critical in the management of COVID-19, and early intervention could provide collateral benefit by suppressing SARS-CoV-2 viral entry. We propose a model of positive feedback whereby infection-induced hypercoagulation exacerbates SARS-CoV-2 infectivity.</p>
      </abstract>
      <kwd-group>
        <kwd>SARS-CoV-2</kwd>
        <kwd>coronavirus</kwd>
        <kwd>coagulopathy</kwd>
        <kwd>factor Xa</kwd>
        <kwd>anticoagulants</kwd>
        <kwd>nafmaostat</kwd>
      </kwd-group>
      <funding-group>
        <award-group>
          <funding-source>HHS | National Institutes of Health (NIH) <named-content content-type="funder-id">http://dx.doi.org/10.13039/100000002</named-content></funding-source>
          <award-id>R01AI35270</award-id>
          <principal-award-recipient>Gary R. Whittaker</principal-award-recipient>
        </award-group>
        <award-group>
          <funding-source>HHS | NIH | National Cancer Institute (NCI) <named-content content-type="funder-id">http://dx.doi.org/10.13039/100000054</named-content></funding-source>
          <award-id>R35CA197588</award-id>
          <principal-award-recipient>Lewis Cantley</principal-award-recipient>
        </award-group>
      </funding-group>
      <custom-meta-group>
        <custom-meta>
          <meta-name>conflict_ind</meta-name>
          <meta-value>2</meta-value>
        </custom-meta>
        <custom-meta>
          <meta-name>dual_publication</meta-name>
          <meta-value>0</meta-value>
        </custom-meta>
        <custom-meta>
          <meta-name>human_subjects</meta-name>
          <meta-value>0</meta-value>
        </custom-meta>
        <custom-meta>
          <meta-name>animal_subjects</meta-name>
          <meta-value>0</meta-value>
        </custom-meta>
        <custom-meta>
          <meta-name>Rebuttal Submitted to Hypothes.is</meta-name>
          <meta-value>No</meta-value>
        </custom-meta>
        <custom-meta>
          <meta-name>Pre-existing BioRxiv Preprint</meta-name>
          <meta-value>Yes</meta-value>
        </custom-meta>
        <custom-meta>
          <meta-name>BioRxiv Preprint Submitted on Author's Behalf</meta-name>
          <meta-value>No</meta-value>
        </custom-meta>
        <custom-meta>
          <meta-name>Acknowledgment of Policy on Original Data</meta-name>
          <meta-value>EK
</meta-value>
        </custom-meta>
      </custom-meta-group>
    </article-meta>
  </front>
</article>
