<?xml version="1.0" encoding="UTF-8"?>
<!DOCTYPE manifest SYSTEM "manifest.dtd">
<manifest version="1.0" xmlns="">
  <item id="ejp-000" type="transfer-metadata" version="0">
    <description>This file contains transfer information</description>
    <instance conversion="metadata" href="transfer.xml" media-type="application/xml" />
  </item>
  <item id="ejp-001" type="article-metadata" version="0">
    <description>This file contains submission metadata</description>
    <instance conversion="metadata" href="article.xml" media-type="application/xml" />
  </item>
  <item id="ejp-002" type="review-metadata" version="0">
    <description>This file contains peer reviews</description>
    <instance conversion="metadata" href="reviews.xml" media-type="application/xml" />
  </item>
  <item id="ejp-2279994" type="Cover Letter" version="0">
    <title>Cover Letter</title>
    <description />
    <file-order>0</file-order>
    <instance href="Cover letter elife-20220127.docx" media-type="application/vnd.openxmlformats-officedocument.wordprocessingml.document" origin="author-source" />
  </item>
  <item id="ejp-2279995" type="Manuscript" version="0">
    <title>Manuscript</title>
    <description />
    <file-order>1</file-order>
    <instance href="Coagulation factors cleave SARS-CoV-2 spike-Full revision-merged manuscript file.pdf" media-type="application/pdf" origin="author-source" />
  </item>
  <item id="ejp-2279996" type="Response to Reviewers" version="0">
    <title>Response to Reviewer</title>
    <description />
    <file-order>2</file-order>
    <instance href="Kastenhuber et al full-revision response-v2.docx" media-type="application/vnd.openxmlformats-officedocument.wordprocessingml.document" origin="author-source" />
  </item>
  <item id="ejp-2279997" type="system-pdf" version="0">
    <title>Merged PDF</title>
    <description />
    <instance href="119494_1_merged_1643413668.pdf" media-type="application/pdf" />
  </item>
  <item id="ejp-2279998" type="related_ms" version="0">
    <title>Original Merged PDF [For Reference Only]</title>
    <description />
    <file-order>255</file-order>
    <instance href="119494_1_related_ms_2279998_r6g3qb.pdf" media-type="application/pdf" />
  </item>
</manifest>
