<?xml version="1.0" encoding="UTF-8"?>
<!DOCTYPE review-group SYSTEM "reviews.dtd">
<review-group>
  <version revision="0">
    <review>
      <history>
        <date date-type="assigned">
          <day>12</day>
          <month>08</month>
          <year>2021</year>
        </date>
        <date date-type="due">
          <day>26</day>
          <month>08</month>
          <year>2021</year>
        </date>
        <date date-type="completed">
          <day>23</day>
          <month>09</month>
          <year>2021</year>
        </date>
      </history>
      <contrib-group>
        <contrib contrib-type="reviewer">
          <name>
            <surname>Alaksdfklsj</surname>
            <given-names>Asldkfsl</given-names>
            <prefix>Dr.</prefix>
          </name>
          <email>asldkfadsk@sldkfjd.il</email>
          <xref ref-type="aff" rid="aff1" />
        </contrib>
        <aff id="aff1">Some affiliation</aff>
      </contrib-group>
      <review-item-group>
        <review-item is-confidential="no" review-item-type="comments" sequence-number="5">
          <review-item-question>
            <title>&lt;b&gt;Evidence, reproducibility and clarity:&lt;/b&gt;</title>
            <alt-title>Evidence, reproducibility and clarity (Required)</alt-title>
            <text />
          </review-item-question>
          <review-item-response>
            <text>This paper shows that cleavage of SARS-CoV-2 spike protein is necessary for infection and that this is mediated by host proteases. Specifically they show that activated coagulation factors are effective at cleaving spike protein.

**Major comments**

The authors clearly show that coagulation factors, especially FXa and thrombin, are capable of cleaving spike protein, as is TMPRSS2. They also show that the protease inhibitor nafamostat is effective at inhibiting spike protein cleavage.

The evidence for a role for coagulation proteins in vivo is weak. Despite the use of anti-coagulants as standard of care the evidence for their benefit is weak and even studies using higher doses have not been very promising. This suggests that TMPRSS2 is the important enzyme and as long as it is uninhibited spike protein cleavage will still occur. Furthermore, there is significant evidence to show that coagulopathy associated with COVID-19 and other severe viral infections is in fact platelet driven (Cox D. Targeting SARS-CoV-2-Platelet Interactions in COVID-19 and Vaccine-Related Thrombosis. Frontiers in Pharmacology. 2021;12).
An interesting fact about nafamostat and the related protease inhibitor pentamidine is that they are both GPIIb/IIIa antagonists (Cox D, Aoki T, Seki J, Motoyama Y and Yoshida K. Pentamidine is a specific, non-peptide, GPIIb/IIIa antagonist. Thromb Haemost. 1996;75:503-9).
SARS-CoV-2 spike protein has an RGD sequence possibly allowing it to bind to platelet GPIIb/IIIa. Thus, nafamostat has three potential benefits in COVID-19: inhibition of spike protein cleavage, inhibition of SARS-CoV-2 binding to platelet GPIIb/IIIa and inhibition of platelet aggregation and thus thrombus formation.
</text>
          </review-item-response>
        </review-item>
        <review-item is-confidential="no" review-item-type="comments" sequence-number="6">
          <review-item-question>
            <title>&lt;b&gt;Significance:&lt;/b&gt;</title>
            <alt-title>Significance (Required)</alt-title>
            <text />
          </review-item-question>
          <review-item-response>
            <text>This is an interesting insight into the role of proteases in SARS-CoV-2 and may be a potential therapeutic strategy in COVID-19.

I am a pharmacologist so my expertise is not in biochemistry but have a major interest in viral-mediated thrombosis.</text>
          </review-item-response>
        </review-item>
        <review-item is-confidential="no" review-item-type="single-choice" sequence-number="2">
          <review-item-question>
            <title>&lt;b&gt;How much time do you estimate the authors will need to complete the suggested revisions:&lt;/b&gt;</title>
            <alt-title>Estimated time to Complete Revisions (Required)</alt-title>
            <text>(Decision Recommendation)</text>
          </review-item-question>
          <review-item-response>
            <text>Less than 1 month</text>
          </review-item-response>
        </review-item>
      </review-item-group>
    </review>
    <review>
      <history>
        <date date-type="assigned">
          <day>02</day>
          <month>09</month>
          <year>2021</year>
        </date>
        <date date-type="due">
          <day>16</day>
          <month>09</month>
          <year>2021</year>
        </date>
        <date date-type="completed">
          <day>23</day>
          <month>09</month>
          <year>2021</year>
        </date>
      </history>
      <contrib-group>
        <contrib contrib-type="reviewer">
          <name>
            <surname>SALkskldj</surname>
            <given-names>dlfksklfjd</given-names>
            <prefix>Prof.</prefix>
          </name>
          <email>asldkfjasf@lasdkjfads.edu</email>
          <xref ref-type="aff" rid="aff2" />
        </contrib>
        <aff id="aff2">School of Medicine</aff>
      </contrib-group>
      <review-item-group>
        <review-item is-confidential="no" review-item-type="comments" sequence-number="5">
          <review-item-question>
            <title>&lt;b&gt;Evidence, reproducibility and clarity:&lt;/b&gt;</title>
            <alt-title>Evidence, reproducibility and clarity (Required)</alt-title>
            <text />
          </review-item-question>
          <review-item-response>
            <text>The authors present a study exploring the potential that host proteases involved in coagulation play a role in proteolytic processing of the spike protein on the SARS CoV-2 virus required for viral entry into target cells. They propose broad based serine protease inhibitors such as nafamostat and camostat could be useful in limiting viral entry into host cells as well as reducing coagulopathy related problems in patients with SARS CoV-2 infection particularly if treatment is initiated early in the disease course. The authors use FRET based enzymatic assays in purified systems to demonstrate that peptides mimicking the S1/S2 and S2'cleavage sites of the SARS CoV-2 spike protein can be cleaved by coagulation proteases FXa and thrombin at rates comparable to that of TMPRSS2. TMPRSS2 has been established in the relevant literature to be an important host protease involved in the proteolytic activation of several coronaviruses. In addition, the authors present data from cell based pseudoviral infection assays to demonstrate the ability of coagulation proteases to process the particles for cell entry as well as the effectiveness of inhibitors such as nafamostat and camostat in preventing infection by SARS CoV-2 pseudovirons.


The data presented provides convincing support for the conclusions reached by the authors. Suitable control experiments using modified FRET peptides with key residues altered to make them poorer substrates for FXa and thrombin provided additional weight to support the conclusion that coagulation proteases could play a role in processing the spike protein for viral entry. 

Prior studies seem to be referenced appropriately. The text and figures are clear and accurate.

The authors may consider including phospholipids in the assay where they measure activity of FXa toward its &quot;known&quot; substrate THRBR271 to reduce the potential for overstating the preference for the S1/S2 peptide over natural FXa substrates.
</text>
          </review-item-response>
        </review-item>
        <review-item is-confidential="no" review-item-type="comments" sequence-number="6">
          <review-item-question>
            <title>&lt;b&gt;Significance:&lt;/b&gt;</title>
            <alt-title>Significance (Required)</alt-title>
            <text />
          </review-item-question>
          <review-item-response>
            <text>Given the rapidly evolving nature of the SARS CoV-2 pandemic the work presented in the manuscript should be relevant to both the fields of virology and coagulation. The potential for treatments aimed at inhibiting both TMPRSS2 and coagulation associated proteases should be of interest to both clinicians and basic science researchers involved in the treatment and research of SARS CoV-2.
</text>
          </review-item-response>
        </review-item>
        <review-item is-confidential="no" review-item-type="single-choice" sequence-number="2">
          <review-item-question>
            <title>&lt;b&gt;How much time do you estimate the authors will need to complete the suggested revisions:&lt;/b&gt;</title>
            <alt-title>Estimated time to Complete Revisions (Required)</alt-title>
            <text>(Decision Recommendation)</text>
          </review-item-question>
          <review-item-response>
            <text>Less than 1 month</text>
          </review-item-response>
        </review-item>
      </review-item-group>
    </review>
  </version>
</review-group>
