<?xml version="1.0" encoding="UTF-8"?>
<!DOCTYPE article SYSTEM "JATS-archivearticle1.dtd">
<article xmlns:xlink="http://www.w3.org/1999/xlink" dtd-version="1.2d1">
  <front>
    <journal-meta>
      <journal-id journal-id-type="publisher">reviewcommons</journal-id>
      <journal-title-group>
        <journal-title>Review Commons</journal-title>
        <abbrev-journal-title abbrev-type="nlm-ta" />
      </journal-title-group>
      <issn pub-type="ppub">2575-1077</issn>
      <issn pub-type="epub">2575-1077</issn>
    </journal-meta>
    <article-meta>
      <article-id pub-id-type="doi">10.26508/rc.202101114</article-id>
      <article-id pub-id-type="manuscript">RC-2021-01114</article-id>
      <article-categories>
        <subj-group subj-group-type="Article Type">
          <subject>Research Article</subject>
        </subj-group>
      </article-categories>
      <title-group>
        <article-title>Rvb1/Rvb2 proteins couple transcription and translation during glucose starvation</article-title>
      </title-group>
      <contrib-group>
        <contrib contrib-type="author">
          <contrib-id contrib-id-type="orcid" specific-use="authenticated">https://orcid.org/0000-0003-3174-091X</contrib-id>
          <name>
            <surname>Chen</surname>
            <given-names>Yang S</given-names>
          </name>
          <email>yac112@ucsd.edu</email>
          <role content-type="1" />
          <xref ref-type="aff" rid="aff1" />
        </contrib>
        <contrib contrib-type="author">
          <name>
            <surname>Tracy</surname>
            <given-names>Sharon</given-names>
          </name>
          <email>s.e.tracy@icloud.com</email>
          <role content-type="2" />
          <xref ref-type="aff" rid="aff2" />
        </contrib>
        <contrib contrib-type="author">
          <name>
            <surname>Harjono</surname>
            <given-names>Vince</given-names>
          </name>
          <email>vharjono@ucsd.edu</email>
          <role content-type="3" />
          <xref ref-type="aff" rid="aff3" />
        </contrib>
        <contrib contrib-type="author">
          <contrib-id contrib-id-type="orcid" specific-use="authenticated">https://orcid.org/0000-0002-0041-4276</contrib-id>
          <name>
            <surname>Xu</surname>
            <given-names>Fan</given-names>
          </name>
          <email>faxu@ucsd.edu</email>
          <role content-type="4" />
          <xref ref-type="aff" rid="aff4" />
        </contrib>
        <contrib contrib-type="author">
          <name>
            <surname>Moresco</surname>
            <given-names>James J</given-names>
          </name>
          <email>James.Moresco@UTSouthwestern.edu</email>
          <role content-type="5" />
          <xref ref-type="aff" rid="aff5" />
        </contrib>
        <contrib contrib-type="author">
          <name>
            <surname>Yates III</surname>
            <given-names>John R</given-names>
            <prefix>Dr.</prefix>
          </name>
          <email>jyates@scripps.edu</email>
          <role content-type="6" />
          <xref ref-type="aff" rid="aff6" />
        </contrib>
        <contrib contrib-type="author" corresp="yes">
          <contrib-id contrib-id-type="orcid" specific-use="authenticated">https://orcid.org/0000-0003-1876-2479</contrib-id>
          <name>
            <surname>Zid</surname>
            <given-names>Brian M</given-names>
          </name>
          <email>zid@ucsd.edu</email>
          <role content-type="7" />
          <xref ref-type="aff" rid="aff7" />
        </contrib>
        <contrib contrib-type="suggested_reviewer">
          <name>
            <surname>Narlikar</surname>
            <given-names>Geeta</given-names>
          </name>
          <email>Geeta.Narlikar@ucsf.edu</email>
          <role>Suggested Reviewer</role>
          <xref ref-type="aff" rid="aff8" />
        </contrib>
        <contrib contrib-type="suggested_reviewer">
          <name>
            <surname>Izawa</surname>
            <given-names>Shingo</given-names>
          </name>
          <email>thioredoxin@kit.ac.jp</email>
          <role>Suggested Reviewer</role>
          <xref ref-type="aff" rid="aff9" />
        </contrib>
        <contrib contrib-type="suggested_reviewer">
          <contrib-id contrib-id-type="orcid" specific-use="authenticated">https://orcid.org/0000-0002-8412-4152</contrib-id>
          <name>
            <surname>Parker</surname>
            <given-names>Roy</given-names>
          </name>
          <email>roy.parker@Colorado.EDU</email>
          <role>Suggested Reviewer</role>
          <xref ref-type="aff" rid="aff10" />
        </contrib>
        <contrib contrib-type="suggested_reviewer">
          <name>
            <surname>Krebber</surname>
            <given-names>Heike</given-names>
          </name>
          <email>Heike.Krebber@biologie.uni-goettingen.de</email>
          <role>Suggested Reviewer</role>
          <xref ref-type="aff" rid="aff11" />
        </contrib>
        <contrib contrib-type="suggested_reviewer">
          <name>
            <surname>Choder</surname>
            <given-names>Mordechai</given-names>
          </name>
          <email>choder@technion.ac.il</email>
          <role>Suggested Reviewer</role>
          <xref ref-type="aff" rid="aff12" />
        </contrib>
        <contrib contrib-type="suggested_reviewer">
          <name>
            <surname>Houry</surname>
            <given-names>Walid</given-names>
          </name>
          <email>walid.houry@utoronto.ca</email>
          <role>Suggested Reviewer</role>
          <xref ref-type="aff" rid="aff13" />
        </contrib>
        <aff id="aff1">
          <institution>University of California San Diego</institution>
          <institution content-type="dept">Divsion of Biological Sciences</institution>
          <addr-line content-type="addrline1">Unknown</addr-line>
          <addr-line content-type="city">La Jolla</addr-line>
          <addr-line content-type="state">CA</addr-line>
          <addr-line content-type="zipcode">92093</addr-line>
        </aff>
        <aff id="aff2">
          <institution>University of California San Diego</institution>
          <institution content-type="dept">Chemistry &amp; Biochemistry</institution>
          <addr-line content-type="addrline1">Unknown</addr-line>
          <addr-line content-type="city">La Jolla</addr-line>
          <addr-line content-type="state">CA</addr-line>
          <addr-line content-type="zipcode">92093</addr-line>
        </aff>
        <aff id="aff3">
          <institution>University of California San Diego</institution>
          <institution content-type="dept">Chemistry &amp; Biochemistry</institution>
          <addr-line content-type="addrline1">Unknown</addr-line>
          <addr-line content-type="city">La Jolla</addr-line>
          <addr-line content-type="state">CA</addr-line>
          <addr-line content-type="zipcode">92093</addr-line>
        </aff>
        <aff id="aff4">
          <institution>University of California San Diego</institution>
          <institution content-type="dept">Chemistry &amp; Biochemistry</institution>
          <addr-line content-type="addrline1">Unknown</addr-line>
          <addr-line content-type="city">La Jolla</addr-line>
          <addr-line content-type="state">CA</addr-line>
          <addr-line content-type="zipcode">92093</addr-line>
        </aff>
        <aff id="aff5">
          <institution>The Scripps Research Institute</institution>
          <addr-line content-type="addrline1">Unknown</addr-line>
        </aff>
        <aff id="aff6">
          <institution>The Scripps Research Institute</institution>
          <institution content-type="dept">Department of Cell Biology SR11</institution>
          <addr-line content-type="addrline1">10550 North Torrey Pines Road</addr-line>
          <addr-line content-type="addrline2">SR11</addr-line>
          <addr-line content-type="city">La Jolla</addr-line>
          <addr-line content-type="state">CA</addr-line>
          <addr-line content-type="zipcode">92037</addr-line>
          <country>United States [US]</country>
          <phone content-type="primary">858 784 8862</phone>
        </aff>
        <aff id="aff7">
          <institution>University of California San Diego</institution>
          <institution content-type="dept">Chemistry &amp; Biochemistry</institution>
          <addr-line content-type="addrline1">Unknown</addr-line>
          <addr-line content-type="city">La Jolla</addr-line>
          <addr-line content-type="state">CA</addr-line>
          <addr-line content-type="zipcode">92093</addr-line>
          <country>United States [US]</country>
        </aff>
        <aff id="aff8">
          <institution>UCSF</institution>
          <addr-line content-type="addrline1">Unknown</addr-line>
        </aff>
        <aff id="aff9">
          <institution>Kyoto Institute of Technology</institution>
          <addr-line content-type="addrline1">Unknown</addr-line>
        </aff>
        <aff id="aff10">
          <institution>University of Colorado at Boulder</institution>
          <addr-line content-type="addrline1">Unknown</addr-line>
        </aff>
        <aff id="aff11">
          <institution>Georg-August Universit&#x00E4;t G&#x00F6;ttingen</institution>
          <addr-line content-type="addrline1">Unknown</addr-line>
        </aff>
        <aff id="aff12">
          <institution>Technion - Israel Institute of Technology</institution>
          <addr-line content-type="addrline1">Unknown</addr-line>
        </aff>
        <aff id="aff13">
          <institution>University of Toronto</institution>
          <addr-line content-type="addrline1">Unknown</addr-line>
        </aff>
      </contrib-group>
      <author-notes>
        <corresp id="cor1"><label>*</label> <bold>Corresponding Author:</bold> Brian M Zid, Chemistry &amp; Biochemistry, University of California San Diego, La Jolla, CA, 92093, United States. E-mail: <email>zid@ucsd.edu</email></corresp>
        <fn fn-type="con">
          <p>Author contributions:  Y.C. and B.Z. conceptualization;  Y.C. and B.Z. data curation;  Y.C., F.X., and B.Z. formal analysis;  Y.C., S.T., V.H., J.M., and B.Z. investigation; Y.C. visualization;  Y.C., S.T., J.M., and B.Z. methodology;  Y.C. and B.Z. writing&amp;amp;#8212;original draft;  Y.C., V.H., and B.Z. writing&amp;amp;#8212;review and editing;  J.Y. and B.Z. resources;  J.Y. and B.Z. supervision; B.Z. funding acquisition; B.Z. project administration.</p>
        </fn>
      </author-notes>
      <pub-date pub-type="epub" />
      <pub-date pub-type="ppub" />
      <elocation-id>2575-1077.RC-2021-01114</elocation-id>
      <history>
        <date date-type="received">
          <day>19</day>
          <month>10</month>
          <year>2021</year>
        </date>
      </history>
      <permissions>
        <copyright-statement></copyright-statement>
        <copyright-year>2022</copyright-year>
      </permissions>
      <abstract abstract-type="primary">
        <p>&lt;p&gt;During times of unpredictable stress, organisms must adapt their gene expression to maximize survival. Along with changes in transcription, one conserved means of gene regulation during conditions that quickly represses translation is the formation of cytoplasmic phase-separated mRNP granules such as P-bodies and stress granules. Previously, we identified that distinct steps in gene expression can be coupled during glucose starvation as promoter sequences in the nucleus are able to direct the subcellular localization and translatability of mRNAs in the cytosol. Here, we report that Rvb1 and Rvb2, conserved ATPase proteins implicated as protein assembly chaperones and chromatin remodelers, were enriched at the promoters and mRNAs of genes involved in alternative glucose metabolism pathways that we previously found to be transcriptionally upregulated but translationally downregulated during glucose starvation in yeast. Engineered Rvb1/Rvb2-binding on mRNAs was sufficient to sequester the mRNAs into phase-separated granules and repress their translation. Additionally, this Rvb-tethering to the mRNA drove further transcriptional upregulation of the target genes. Overall, our results point to Rvb1/Rvb2 coupling transcription, mRNA granular localization, and translatability of mRNAs during glucose starvation. This Rvb-mediated rapid gene regulation could potentially serve as an efficient recovery plan for cells after stress removal.&lt;/p&gt;</p>
      </abstract>
      <kwd-group>
        <kwd>stress granules</kwd>
        <kwd>translation</kwd>
        <kwd>cotranscriptionally</kwd>
        <kwd>yeast</kwd>
        <kwd>gene expression</kwd>
      </kwd-group>
      <funding-group>
        <award-group>
          <funding-source>HHS | NIH | National Institute of General Medical Sciences (NIGMS) <named-content content-type="funder-id">http://dx.doi.org/10.13039/100000057</named-content></funding-source>
          <award-id>R35GM128798</award-id>
          <principal-award-recipient>Brian M Zid</principal-award-recipient>
        </award-group>
        <award-group>
          <funding-source>HHS | NIH | National Institute of General Medical Sciences (NIGMS) <named-content content-type="funder-id">http://dx.doi.org/10.13039/100000057</named-content></funding-source>
          <award-id>P41GM103533</award-id>
          <principal-award-recipient>John R Yates III</principal-award-recipient>
        </award-group>
      </funding-group>
      <custom-meta-group>
        <custom-meta>
          <meta-name>conflict_ind</meta-name>
          <meta-value>1</meta-value>
        </custom-meta>
        <custom-meta>
          <meta-name>tweet</meta-name>
          <meta-value>The conserved AAA+ proteins Rvb1/Rvb2 are directed to stress induced promoters and co-transcriptionally loaded onto mRNAs to influence translation and mRNA localization during glucose starvation in yeast. @yangsophiechen  @ZidLab @UCSDChemBiochem</meta-value>
        </custom-meta>
        <custom-meta>
          <meta-name>dual_publication</meta-name>
          <meta-value>0</meta-value>
        </custom-meta>
        <custom-meta>
          <meta-name>human_subjects</meta-name>
          <meta-value>0</meta-value>
        </custom-meta>
        <custom-meta>
          <meta-name>animal_subjects</meta-name>
          <meta-value>0</meta-value>
        </custom-meta>
        <custom-meta>
          <meta-name>Rebuttal Submitted to Hypothes.is</meta-name>
          <meta-value>Yes</meta-value>
        </custom-meta>
        <custom-meta>
          <meta-name>Pre-existing BioRxiv Preprint</meta-name>
          <meta-value>Yes</meta-value>
        </custom-meta>
        <custom-meta>
          <meta-name>BioRxiv Preprint Submitted on Author's Behalf</meta-name>
          <meta-value>No</meta-value>
        </custom-meta>
        <custom-meta>
          <meta-name>Acknowledgment of Policy on Original Data</meta-name>
          <meta-value>BMZ
</meta-value>
        </custom-meta>
      </custom-meta-group>
    </article-meta>
  </front>
</article>
