<?xml version="1.0" encoding="UTF-8"?>
<!DOCTYPE manifest SYSTEM "manifest.dtd">
<manifest version="1.0" xmlns="">
  <item id="ejp-000" type="transfer-metadata" version="0">
    <description>This file contains transfer information</description>
    <instance conversion="metadata" href="transfer.xml" media-type="application/xml" />
  </item>
  <item id="ejp-001" type="article-metadata" version="0">
    <description>This file contains submission metadata</description>
    <instance conversion="metadata" href="article.xml" media-type="application/xml" />
  </item>
  <item id="ejp-002" type="review-metadata" version="0">
    <description>This file contains peer reviews</description>
    <instance conversion="metadata" href="reviews.xml" media-type="application/xml" />
  </item>
  <item id="ejp-2264556" type="Cover Letter" version="0">
    <title>Cover Letter</title>
    <description />
    <file-order>0</file-order>
    <instance href="Chen_coverletter.docx" media-type="application/vnd.openxmlformats-officedocument.wordprocessingml.document" origin="author-source" />
  </item>
  <item id="ejp-2264565" type="Manuscript" version="0">
    <title>Manuscript</title>
    <description />
    <file-order>1</file-order>
    <instance href="Chen_manuscript.docx" media-type="application/vnd.openxmlformats-officedocument.wordprocessingml.document" origin="author-source" />
  </item>
  <item id="ejp-2264558" type="supplemental" version="0">
    <title>Supplemental Material</title>
    <description />
    <file-order>2</file-order>
    <instance href="Chen_Figure_supplements_v2.docx" media-type="application/vnd.openxmlformats-officedocument.wordprocessingml.document" origin="author-source" />
  </item>
  <item id="ejp-2264559" type="Response to Reviewers" version="0">
    <title>Response to Reviewer</title>
    <description />
    <file-order>3</file-order>
    <instance href="Chen_revision-plan.docx" media-type="application/vnd.openxmlformats-officedocument.wordprocessingml.document" origin="author-source" />
  </item>
  <item id="ejp-2264567" type="related_ms" version="0">
    <title>Original Merged PDF [For Reference Only]</title>
    <description />
    <file-order>255</file-order>
    <instance href="121427_1_related_ms_2264567_r5cbhv.pdf" media-type="application/pdf" />
  </item>
</manifest>
