<?xml version="1.0" encoding="UTF-8"?>
<!DOCTYPE article SYSTEM "JATS-archivearticle1.dtd">
<article xmlns:xlink="http://www.w3.org/1999/xlink" dtd-version="1.2d1">
  <front>
    <journal-meta>
      <journal-id journal-id-type="publisher">reviewcommons</journal-id>
      <journal-title-group>
        <journal-title>Review Commons</journal-title>
        <abbrev-journal-title abbrev-type="nlm-ta" />
      </journal-title-group>
      <issn pub-type="ppub">2575-1077</issn>
      <issn pub-type="epub">2575-1077</issn>
    </journal-meta>
    <article-meta>
      <article-id pub-id-type="doi">10.26508/rc.202201289</article-id>
      <article-id pub-id-type="manuscript">RC-2022-01289</article-id>
      <article-categories>
        <subj-group subj-group-type="Article Type">
          <subject>Research Article</subject>
        </subj-group>
      </article-categories>
      <title-group>
        <article-title>Repeated truncation of a modular antimicrobial peptide gene for neural context</article-title>
      </title-group>
      <contrib-group>
        <contrib contrib-type="author" corresp="yes">
          <contrib-id contrib-id-type="orcid" specific-use="authenticated">https://orcid.org/0000-0002-6125-3672</contrib-id>
          <name>
            <surname>Hanson</surname>
            <given-names>Mark A</given-names>
            <prefix>Dr.</prefix>
          </name>
          <email>mark.hanson@epfl.ch</email>
          <role content-type="1" />
          <xref ref-type="aff" rid="aff1" />
        </contrib>
        <contrib contrib-type="author">
          <contrib-id contrib-id-type="orcid" specific-use="authenticated">https://orcid.org/0000-0001-7970-1667</contrib-id>
          <name>
            <surname>Lemaitre</surname>
            <given-names>Bruno</given-names>
            <prefix>Prof.</prefix>
          </name>
          <email>bruno.lemaitre@epfl.ch</email>
          <role content-type="2" />
          <xref ref-type="aff" rid="aff2" />
        </contrib>
        <contrib contrib-type="suggested_reviewer">
          <contrib-id contrib-id-type="orcid" specific-use="authenticated">https://orcid.org/0000-0003-4558-9202</contrib-id>
          <name>
            <surname>Vale</surname>
            <given-names>Pedro</given-names>
          </name>
          <email>pedro.vale@ed.ac.uk</email>
          <role>Suggested Reviewer</role>
          <xref ref-type="aff" rid="aff3" />
        </contrib>
        <contrib contrib-type="suggested_reviewer">
          <name>
            <surname>Destomieux-Garzon</surname>
            <given-names>Delphine</given-names>
          </name>
          <email>ddestoum@ifremer.fr</email>
          <role>Suggested Reviewer</role>
          <xref ref-type="aff" rid="aff4" />
        </contrib>
        <contrib contrib-type="suggested_reviewer">
          <name>
            <surname>Unckless</surname>
            <given-names>Rob</given-names>
          </name>
          <email>unckless@ku.edu</email>
          <role>Suggested Reviewer</role>
          <xref ref-type="aff" rid="aff5" />
        </contrib>
        <aff id="aff1">
          <institution>&#x00C9;cole Polytechnique F&#x00E9;d&#x00E9;rale de Lausanne</institution>
          <institution content-type="dept">SV</institution>
          <addr-line content-type="addrline1">Mark Hanson - UPLEM</addr-line>
          <addr-line content-type="addrline2">B&#x00E2;timent SV</addr-line>
          <addr-line content-type="city">Lausanne</addr-line>
          <addr-line content-type="zipcode">1015</addr-line>
          <country>Switzerland [CH]</country>
          <phone content-type="primary">0779294915</phone>
        </aff>
        <aff id="aff2">
          <institution>EPFL</institution>
          <institution content-type="dept">Global Health Institute</institution>
          <addr-line content-type="addrline1">Station 19</addr-line>
          <addr-line content-type="addrline2">SV 3838</addr-line>
          <addr-line content-type="city">Lausanne</addr-line>
          <addr-line content-type="state">Vaud</addr-line>
          <addr-line content-type="zipcode">1015</addr-line>
          <country>Switzerland [CH]</country>
          <phone content-type="primary">+41 21 693 18 31</phone>
        </aff>
        <aff id="aff3">
          <institution>University of Edinburgh</institution>
          <addr-line content-type="addrline1">Unknown</addr-line>
        </aff>
        <aff id="aff4">
          <institution>Unknown</institution>
          <addr-line content-type="addrline1">Unknown</addr-line>
        </aff>
        <aff id="aff5">
          <institution>Department of Molecular Biosciences, University of Kansas</institution>
          <addr-line content-type="addrline1">Unknown</addr-line>
        </aff>
      </contrib-group>
      <author-notes>
        <corresp id="cor1"><label>*</label> <bold>Corresponding Author:</bold> Mark A Hanson, SV, &#x00C9;cole Polytechnique F&#x00E9;d&#x00E9;rale de Lausanne, Mark Hanson - UPLEM, B&#x00E2;timent SV, Lausanne, 1015, Switzerland. E-mail: <email>mark.hanson@epfl.ch</email></corresp>
        <fn fn-type="con">
          <p>Author contributions: M.H. conceptualization; M.H. data curation; M.H. formal analysis; M.H. investigation; M.H. methodology; M.H. writing&amp;amp;#8212;original draft;  M.H. and B.L. writing&amp;amp;#8212;review and editing; B.L. resources; B.L. project administration.</p>
        </fn>
      </author-notes>
      <pub-date pub-type="epub" />
      <pub-date pub-type="ppub" />
      <elocation-id>2575-1077.RC-2022-01289</elocation-id>
      <history>
        <date date-type="received">
          <day>10</day>
          <month>02</month>
          <year>2022</year>
        </date>
      </history>
      <permissions>
        <copyright-statement></copyright-statement>
        <copyright-year>2022</copyright-year>
      </permissions>
      <abstract abstract-type="primary">
        <p>Antimicrobial peptides (AMPs) are host-encoded antibiotics that combat invading pathogens. These genes commonly encode multiple products as post-translationally cleaved polypeptides. Recent studies have highlighted roles for AMPs in neurological contexts suggesting functions for these defence molecules beyond infection. During our immune study characterizing the antimicrobial peptide gene Baramicin, we recovered multiple Baramicin paralogs in Drosophila melanogaster and other species, united by their N-terminal IM24 domain. Not all paralogs were immune-induced. Here, through careful dissection of the Baramicin family's evolutionary history, we find that paralogs lacking immune induction result from repeated events of duplication and subsequent truncation of the coding sequence from an immune-inducible ancestor. These truncations leave only the IM24 domain as the prominent gene product. Surprisingly, using mutation and targeted gene silencing we demonstrate that two such genes are adapted for function in neural contexts in D. melanogaster. We also show enrichment in the head for independent Baramicin genes in other species. The Baramicin evolutionary history reveals that the IM24 Baramicin domain is not strictly useful in an immune context. We thus provide a case study for how an AMP-encoding gene might play dual roles in both immune and non-immune processes via its multiple peptide products. As many AMP genes encode polypeptides, a full understanding of how immune effectors interact with the nervous system will require consideration of all their peptide products.</p>
      </abstract>
      <kwd-group>
        <kwd>Drosophila</kwd>
        <kwd>Immunity</kwd>
        <kwd>Molecular evolution</kwd>
        <kwd>Antimicrobial peptide</kwd>
        <kwd>Host defense peptide</kwd>
        <kwd>Baramicin</kwd>
      </kwd-group>
      <funding-group>
        <award-group>
          <funding-source>Swiss National Science Foundation SINERGIA</funding-source>
          <award-id>CRSII5_186397</award-id>
          <principal-award-recipient> </principal-award-recipient>
        </award-group>
      </funding-group>
      <custom-meta-group>
        <custom-meta>
          <meta-name>conflict_ind</meta-name>
          <meta-value>1</meta-value>
        </custom-meta>
        <custom-meta>
          <meta-name>tweet</meta-name>
          <meta-value>Antimicrobial peptides (AMP) frequently associate with the nervous system. @HansonM90 and Lemaitre show that an AMP gene has repeatedly evolved for neural context by duplication and subfunctionalization of daughter genes for one specific domain.</meta-value>
        </custom-meta>
        <custom-meta>
          <meta-name>dual_publication</meta-name>
          <meta-value>0</meta-value>
        </custom-meta>
        <custom-meta>
          <meta-name>human_subjects</meta-name>
          <meta-value>0</meta-value>
        </custom-meta>
        <custom-meta>
          <meta-name>animal_subjects</meta-name>
          <meta-value>0</meta-value>
        </custom-meta>
        <custom-meta>
          <meta-name>Rebuttal Submitted to Hypothes.is</meta-name>
          <meta-value>Yes</meta-value>
        </custom-meta>
        <custom-meta>
          <meta-name>Pre-existing BioRxiv Preprint</meta-name>
          <meta-value>Yes</meta-value>
        </custom-meta>
        <custom-meta>
          <meta-name>BioRxiv Preprint Submitted on Author's Behalf</meta-name>
          <meta-value>No</meta-value>
        </custom-meta>
        <custom-meta>
          <meta-name>Acknowledgment of Policy on Original Data</meta-name>
          <meta-value>MH
</meta-value>
        </custom-meta>
      </custom-meta-group>
    </article-meta>
  </front>
</article>
