<?xml version="1.0" encoding="UTF-8"?>
<!DOCTYPE manifest SYSTEM "manifest.dtd">
<manifest version="1.0" xmlns="">
  <item id="ejp-000" type="transfer-metadata" version="0">
    <description>This file contains transfer information</description>
    <instance conversion="metadata" href="transfer.xml" media-type="application/xml" />
  </item>
  <item id="ejp-001" type="article-metadata" version="0">
    <description>This file contains submission metadata</description>
    <instance conversion="metadata" href="article.xml" media-type="application/xml" />
  </item>
  <item id="ejp-002" type="review-metadata" version="0">
    <description>This file contains peer reviews</description>
    <instance conversion="metadata" href="reviews.xml" media-type="application/xml" />
  </item>
  <item id="ejp-2319132" type="Cover Letter" version="0">
    <title>Cover Letter</title>
    <description />
    <file-order>3</file-order>
    <instance href="Letter to the editor Baramicin-Mar182022.pdf" media-type="application/pdf" origin="author-source" />
  </item>
  <item id="ejp-2319130" type="Manuscript" version="0">
    <title>Manuscript</title>
    <description />
    <file-order>1</file-order>
    <instance href="BaraNeuralEvol_Mar18-2022.pdf" media-type="application/pdf" origin="author-source" />
  </item>
  <item id="ejp-2319129" type="Response to Reviewers" version="0">
    <title>Response to Reviewer</title>
    <description />
    <file-order>0</file-order>
    <instance href="full-revision_HansonLemaitre.docx" media-type="application/vnd.openxmlformats-officedocument.wordprocessingml.document" origin="author-source" />
  </item>
  <item id="ejp-2319135" type="related_ms" version="0">
    <title>Original Merged PDF [For Reference Only]</title>
    <description />
    <file-order>255</file-order>
    <item-metadata>
      <metadata name="Production Remarks" value="2289568" />
    </item-metadata>
    <instance href="124487_1_related_ms_2319135_r8yttq.pdf" media-type="application/pdf" />
  </item>
  <item id="ejp-2319131" type="related_ms" version="0">
    <title>TRACK_CHANGES</title>
    <description>Manuscript file with tracked changes in highlight</description>
    <file-order>2</file-order>
    <instance href="BaraNeuralEvol_Mar18-2022_highlight.pdf" media-type="application/pdf" origin="author-source" />
  </item>
</manifest>
