<?xml version="1.0" encoding="UTF-8"?>
<!DOCTYPE review-group SYSTEM "reviews.dtd">
<review-group>
  <version revision="0">
    <review>
      <history>
        <date date-type="assigned">
          <day>22</day>
          <month>02</month>
          <year>2022</year>
        </date>
        <date date-type="due">
          <day>08</day>
          <month>03</month>
          <year>2022</year>
        </date>
        <date date-type="completed">
          <day>18</day>
          <month>03</month>
          <year>2022</year>
        </date>
      </history>
      <contrib-group>
        <contrib contrib-type="reviewer">
          <name>
            <surname>ASdlkjsdf</surname>
            <given-names>ASldkjdf</given-names>
            <prefix>Prof.</prefix>
          </name>
          <email>asdlkfjs.relkj@asdfsdf.hu</email>
          <xref ref-type="aff" rid="aff1" />
        </contrib>
        <aff id="aff1">University of C</aff>
      </contrib-group>
      <review-item-group>
        <review-item sequence-number="5" is-confidential="no" review-item-type="comments">
          <review-item-question>
            <title>&lt;b&gt;Evidence, reproducibility and clarity:&lt;/b&gt;</title>
            <alt-title>Evidence, reproducibility and clarity (Required)</alt-title>
            <text />
          </review-item-question>
          <review-item-response>
            <text>The authors provide convincing evidence for an evolutionary scenario in which duplications of an AMP gene with ancestral immune function led to paralogs specialist for neural functions. They focus on the Baramicin genes, coding for major Toll signalling targets in the context of antifungal defence.  Their study uses infection experiments in several Drosophila species, a careful annotation of the Baramicin genes of D. melanogaster, the demonstration of neural expression of BaraB and BaraC, the KD analysis of Bara B revealing lethality and neurological phenotypes, a reconstruction of the evolutionary history of Baramicn genes in Drosophilids and an analysis of the sequence evolution of the IM24 domain providing the neural functions. 
In general the paper is well written. There are a few places in the manuscript where the language can be improved and one point, which needs clarification: 
 
-	line 297: ...,which did not present with...
-	line 314/315: ...to just 14% that of...to 63% that of
-	line 459: ..., we this  motif...
-	line 518: What does &quot;... genomic relatedness (by speciation and locus)...&quot; mean?
-	line 527/528: ...drive behaviour or disease through interactions...
-	line 532: ... ancestrally encodes distinct peptides involved with either the nervous system or the immune response... line 535: ...with either the nervous system (IM24) or....
Do the data provide enough evidence suggesting that IM24 had a neural function in the ancestor?   Ideally the authors should look at neural expression of the Baramicin gene in the ourgroup, S. lebanonensis. The authors later (line571) admit, that they cannot rule out that IM24 is also antimicrobial. 

</text>
          </review-item-response>
        </review-item>
        <review-item sequence-number="6" is-confidential="no" review-item-type="comments">
          <review-item-question>
            <title>&lt;b&gt;Significance:&lt;/b&gt;</title>
            <alt-title>Significance (Required)</alt-title>
            <text />
          </review-item-question>
          <review-item-response>
            <text>This is a very comprehensive study, which, to my knowledge for the first time, suggests concrete routes of how an AMP evolved non-immune functions.  
One of the striking findings of this paper is that duplications and subsequent truncations of the ancestral Baramicin locus linked to specialisation for neural functions occurred independently in different Drosophila lineages. 
</text>
          </review-item-response>
        </review-item>
        <review-item sequence-number="7" is-confidential="no" review-item-type="single-choice">
          <review-item-question>
            <title>&lt;b&gt;How much time do you estimate the authors will need to complete the suggested revisions:&lt;/b&gt;</title>
            <alt-title>Estimated time to Complete Revisions (Required)</alt-title>
            <text>(Decision Recommendation)</text>
          </review-item-question>
          <review-item-response>
            <text>Less than 1 month</text>
          </review-item-response>
        </review-item>
        <review-item sequence-number="10" is-confidential="no" review-item-type="single-choice">
          <review-item-question>
            <title>&lt;strong&gt;Review Commons values the work of reviewers and encourages them to get credit for their work. Select 'Yes' below to register your reviewing activity at &lt;a href=&quot;https://publons.com/&quot; target=&quot;_blank&quot;&gt;Publons&lt;/a&gt;; note that the content of your review will not be visible on Publons.&lt;/strong&gt;</title>
            <alt-title>Reviewer Publons</alt-title>
            <text />
          </review-item-question>
          <review-item-response>
            <text>Yes</text>
          </review-item-response>
        </review-item>
      </review-item-group>
    </review>
    <review>
      <history>
        <date date-type="assigned">
          <day>23</day>
          <month>02</month>
          <year>2022</year>
        </date>
        <date date-type="due">
          <day>09</day>
          <month>03</month>
          <year>2022</year>
        </date>
        <date date-type="completed">
          <day>18</day>
          <month>03</month>
          <year>2022</year>
        </date>
      </history>
      <contrib-group>
        <contrib contrib-type="reviewer">
          <name>
            <surname>ASdlkjasd</surname>
            <given-names>ASdlkjsdf</given-names>
          </name>
          <email>sdf.sdfs@asdf-dfsdfsd.il</email>
          <xref ref-type="aff" rid="aff2" />
        </contrib>
        <aff id="aff2">ASUDH</aff>
      </contrib-group>
      <review-item-group>
        <review-item sequence-number="5" is-confidential="no" review-item-type="comments">
          <review-item-question>
            <title>&lt;b&gt;Evidence, reproducibility and clarity:&lt;/b&gt;</title>
            <alt-title>Evidence, reproducibility and clarity (Required)</alt-title>
            <text />
          </review-item-question>
          <review-item-response>
            <text>Hanson and Lemaitre present a genomic and phylogenetic characterization of the Baramicin family of antimicrobial peptide genes in different species. They discover new Baramicin paralogs, united by the presence of an IM24 domain at the N-terminus. They show that among Baramicins, those that are not inducible by infection (which they improperly call non-immune since a protein can be non-inducible by infection and have very important immune functions), are truncated. They propose that an ancestor peptide with immune functions evolved into a neuronal regulator/effector via truncation. 

Although the hypothesis is interesting, the data do not really support it. This manuscript is rather descriptive at this point. The demonstration that IM24 is necessary for neural function is very tenuous. For example, in the paragraphs titled Dmel\BaraB is required in the nervous system during development and Baramicin B plays an important role in the nervous system, I did not find convincing data demonstrating that BaraB is required in the nervous system. The only data that links BaraB to the nervous system is a weak locomotion defect observed in the BaraB mutant. But how many genes, when inactivated, give a locomotion defect? This remains totally unexplained at the molecular level. The authors also mentioned that BaraB is expressed in a subset of mechanosensory neuron cells in the wing. What is the link between this expression and the nubbin phenotype? 

The authors also mention that data in the literature indicate that BaraC is expressed in glial cells but also in other tissues. 

Finally, we have no idea what role, if any, these peptides have in the nervous system. 

While the characterization of the Baramicin gene family and its evolution across species is convincing, the link between these AMPs and the nervous system is really too preliminary to be convincing. 
The manuscript would greatly benefit from being more concise.</text>
          </review-item-response>
        </review-item>
        <review-item sequence-number="6" is-confidential="no" review-item-type="comments">
          <review-item-question>
            <title>&lt;b&gt;Significance:&lt;/b&gt;</title>
            <alt-title>Significance (Required)</alt-title>
            <text />
          </review-item-question>
          <review-item-response>
            <text>see above
</text>
          </review-item-response>
        </review-item>
        <review-item sequence-number="7" is-confidential="no" review-item-type="single-choice">
          <review-item-question>
            <title>&lt;b&gt;How much time do you estimate the authors will need to complete the suggested revisions:&lt;/b&gt;</title>
            <alt-title>Estimated time to Complete Revisions (Required)</alt-title>
            <text>(Decision Recommendation)</text>
          </review-item-question>
          <review-item-response>
            <text>Cannot tell / Not applicable</text>
          </review-item-response>
        </review-item>
        <review-item sequence-number="10" is-confidential="no" review-item-type="single-choice">
          <review-item-question>
            <title>&lt;strong&gt;Review Commons values the work of reviewers and encourages them to get credit for their work. Select 'Yes' below to register your reviewing activity at &lt;a href=&quot;https://publons.com/&quot; target=&quot;_blank&quot;&gt;Publons&lt;/a&gt;; note that the content of your review will not be visible on Publons.&lt;/strong&gt;</title>
            <alt-title>Reviewer Publons</alt-title>
            <text />
          </review-item-question>
          <review-item-response>
            <text>No</text>
          </review-item-response>
        </review-item>
      </review-item-group>
    </review>
    <review>
      <history>
        <date date-type="assigned">
          <day>01</day>
          <month>03</month>
          <year>2022</year>
        </date>
        <date date-type="due">
          <day>15</day>
          <month>03</month>
          <year>2022</year>
        </date>
        <date date-type="completed">
          <day>18</day>
          <month>03</month>
          <year>2022</year>
        </date>
      </history>
      <contrib-group>
        <contrib contrib-type="reviewer">
          <name>
            <surname>ASdlkjsdf</surname>
            <given-names>ASdlkjsdf</given-names>
          </name>
          <email>sdfs.sdf@sdf-sdf.yh</email>
        </contrib>
      </contrib-group>
      <review-item-group>
        <review-item sequence-number="5" is-confidential="no" review-item-type="comments">
          <review-item-question>
            <title>&lt;b&gt;Evidence, reproducibility and clarity:&lt;/b&gt;</title>
            <alt-title>Evidence, reproducibility and clarity (Required)</alt-title>
            <text />
          </review-item-question>
          <review-item-response>
            <text>Antimicrobial peptides are main effectors in (insect) immune defenses. It is becoming more and more clear, that AMPs can have pleiotropic effects or even acquire new functions. 
In the present paper, the authors investigate Baramicin, an antifungal AMP that they described first in publication last year. Here they show that in Drosophila melanogaster Baramicin A, which they described before, has paralogs, that are not immune-inducible. They then show that these paralogs, named BarB and BarC, which are truncated versions of BarA, are expressed in the head and neural tissues. That they have neural functions is supported by targeted gene-silencing experiments. 
They go on to show, using a comparative approach across Drosophila, that Baramicin A with its antimicrobial function constitutes the ancestral state. Moreover, Baramicin is also enriched in head samples of some of the other Drosophila species they study.  This manuscript, which according to the acknowledgements has already been seen by reviewers, is in a very good shape. 

I have only a number of minor points, that might help to clarify the presentation.

Lines 34-36: I would delete this sentence and replace it with a statement based on the main findings of the manuscript

Lines 56-60. May be tone down a bit. Anti-inflammatory activities of AMPs have been known for a long time. I think the next paragraph makes a very good case what is already known and is hence a nice motivation for the current study. 

Line 125: classical instead of classically

Line 200: what is a 'novel' time course? I would just describe what has been done.

Line 268: hypomorph, I guess in the literature usually hypomorphic is used. 

Line 279: I would suggest to tone this headline down. This is not a criticism of the paper, but the actual mechanisms of the roles in the nervous system are not studied here. 

Line 505: what does not really become clear is whether IM24 plays an important role in the nervous system of fly species that only have BarA.  

Line 540-549. This comparison I find a bit far-fetched, or maybe it needs clarification how doublesex expression is related to Baramicins.

Line 584-585. I think that this has been known for much longer from studies in frogs and beetles. 
</text>
          </review-item-response>
        </review-item>
        <review-item sequence-number="6" is-confidential="no" review-item-type="comments">
          <review-item-question>
            <title>&lt;b&gt;Significance:&lt;/b&gt;</title>
            <alt-title>Significance (Required)</alt-title>
            <text />
          </review-item-question>
          <review-item-response>
            <text>Overall, I think that this is a very worthwhile and convincing story about the evolution AMPs and how they can acquire new functions. All the main statements are supported by careful experiments and data analysis. The paper does not go into any detail, of how the neurological role of BarB and BarC is achieved, but I think this is beyond the scope of the current manuscript. 

In short, this is a very worthwhile contribution to the growing literature of the role of AMPs in the nervous system. The authors provide the context of the main published papers in the area in the introduction. As opposed to most papers on this so far, the current manuscript also provides very interesting data on the evolutionary history of the Baramicin genes, both within the main study species, and within other Drosophila species.  

This paper should appeal to a rather broad audience of researchers interested in innate defenses, AMPs and the crosstalk between the nervous system and the innate immune system.


My background is insect immunology with a focus on AMPs and evolutionary approach.


**Referees cross-commenting**

*This session contains the comments of all reviewers*

Reviewer 3 

Reviewer 2 and I share the view, that the evidence for the effects of BarB and C on the nervous system is rather limited. But I still think, that the paper provides enough new and interesting data that make it a very useful contribution. Though not a neurobiologist, I would assume that providing functional evidence for the role of BarA and B in the nervous system would justify a paper on its own. I agree though, that the relevant sections should be toned down.

Reviewer 2 

 As I mentioned in my review, I found the genomic and phylogenetic analysis interesting and convincing. I therefore totally agr&amp;#x00E9;&amp;#x00E9; with reviewers 2 and 3 on that. Whether BarA and B are playing a role in the nervous system and how it does remain speculative. BaraB mutants show locomotion defects. But mutants in mitochondrial genes have locomotion defects. Can we conclude that mitochondria play a role in the nervous system? If I understand correctly, downregulating Bara in neurons only (With Elav-Gal4 driver) does not show the locomotion phenotype. it induces early lethality. How many genes when inactivated in neurons will give rise to such a phenotype? A lot. I really think that the implication of Bara in the nervous system should be seriously toned done and more presented as an hypothesis than a validated fact.

Reviewer 1

I agree with reviewer 3 that the main message of the paper providing a concrete scenario of how non-immune functions of AMPs may evolve is an important contribution. A deep investigation of the neural function is definitely going beyond the scope of the paper. Indeed this might be quite tricky. But it would help if the authors could clarify their idea about the ancestral condition. Is there the possibility that IM24 had ancestrally already non-immune function? They are not really clear about this point.

Reviewer 2

I agree with the other reviewers that determining the exact role of Bara peptides could be complicated. I just ask that the authors limit themselves to proposing that the peptides have lost their immune function. I stress that this argument is not very strong. It relies solely on the lack of inducibility of these peptides following infection. I still think that the demonstration of the role of Bara in the nervous system is not provided.

</text>
          </review-item-response>
        </review-item>
        <review-item sequence-number="7" is-confidential="no" review-item-type="single-choice">
          <review-item-question>
            <title>&lt;b&gt;How much time do you estimate the authors will need to complete the suggested revisions:&lt;/b&gt;</title>
            <alt-title>Estimated time to Complete Revisions (Required)</alt-title>
            <text>(Decision Recommendation)</text>
          </review-item-question>
          <review-item-response>
            <text>Less than 1 month</text>
          </review-item-response>
        </review-item>
        <review-item sequence-number="10" is-confidential="no" review-item-type="single-choice">
          <review-item-question>
            <title>&lt;strong&gt;Review Commons values the work of reviewers and encourages them to get credit for their work. Select 'Yes' below to register your reviewing activity at &lt;a href=&quot;https://publons.com/&quot; target=&quot;_blank&quot;&gt;Publons&lt;/a&gt;; note that the content of your review will not be visible on Publons.&lt;/strong&gt;</title>
            <alt-title>Reviewer Publons</alt-title>
            <text />
          </review-item-question>
          <review-item-response>
            <text>Yes</text>
          </review-item-response>
        </review-item>
      </review-item-group>
    </review>
  </version>
</review-group>
